<?xml version="1.0" encoding="us-ascii"?>
<XML ID="EQInterfaceDefinitionLanguage">
	<Schema xmlns="EverQuestData" xmlns:dt="EverQuestDataTypes" />
	<!-- Phorm Background -->
	<TextureInfo item="phorm_CastSpellWnd.tga">
		<Size>
			<CX>256</CX>
			<CY>256</CY>
		</Size>
	</TextureInfo>
	<Ui2DAnimation item="phorm_CastSpellWnd">
		<Frames>
			<Texture>phorm_CastSpellWnd.tga</Texture>
			<Location>
				<X>0</X>
				<Y>0</Y>
			</Location>
			<Size>
				<CX>140</CX>
				<CY>220</CY>
			</Size>
			<Hotspot>
				<X>0</X>
				<Y>0</Y>
			</Hotspot>
		</Frames>
	</Ui2DAnimation>
	<StaticAnimation item="phorm_CastSpellWnd">
		<ScreenID>phorm_CastSpellWnd</ScreenID>
		<RelativePosition>true</RelativePosition>
			<Location>
				<X>0</X>
				<Y>0</Y>
			</Location>
			<Size>
				<CX>140</CX>
				<CY>220</CY>
			</Size>
		<Animation>phorm_CastSpellWnd</Animation>
	</StaticAnimation>
	<!-- Spell Window Components -->
	<Ui2DAnimation item="CW_SpellGemHolder">
		<Frames>
		  <Texture>classic_pieces01.tga</Texture>
		  <Location>
			<X>41</X>
			<Y>123</Y>
		  </Location>
		  <Size>
			<CX>36</CX>
			<CY>28</CY>
		  </Size>
		</Frames>
	</Ui2DAnimation>
	<StaticAnimation item="CSWDummy">
		<ScreenID>CSWDummy</ScreenID>
		<Location>
			<X>24</X>
			<Y>-1</Y>
		</Location>
		<Size>
			<CX>1</CX>
			<CY>1</CY>
		</Size>
		<Animation>A_CornerSquare</Animation>
	</StaticAnimation>
	<!-- Spell Book Button -->
	<Button item="CSPW_SpellBook">
		<ScreenID>CSPW_SpellBook</ScreenID>
		<RelativePosition>true</RelativePosition>
		<Font>3</Font>
		<Location>
			<X>7</X>
			<Y>5</Y>
		</Location>
		<Size>
			<CX>126</CX>
			<CY>16</CY>
		</Size>
		<Style_Transparent>false</Style_Transparent>
		<Style_Checkbox>true</Style_Checkbox>
		<!--<RadioGroup/>-->
		<Text>Spell Book</Text>
		<TextColor>
			<R>255</R>
			<G>255</G>
			<B>255</B>
		</TextColor>
		<ButtonDrawTemplate>
			<Normal>A_BtnNormal</Normal>
			<PressedFlyby>A_BtnPressedFlyby</PressedFlyby>
			<Pressed>A_BtnPressed</Pressed>
			<Flyby>A_BtnFlyby</Flyby>
			<Disabled>A_BtnDisabled</Disabled>
		</ButtonDrawTemplate>
	</Button>
	<!-- Spell Gems -->
	<SpellGem item="CSPW_Spell0">
		<ScreenID>CSPW_Spell0</ScreenID>
		<RelativePosition>true</RelativePosition>
		<Location>
			<X>7</X>
			<Y>24</Y>
		</Location>
		<Size>
			<CX>126</CX>
			<CY>23</CY>
		</Size>
		<SpellGemDrawTemplate>
			<Holder>A_dzSpellBG</Holder>
			<Background>A_BtnFlyby</Background>
			<Highlight>A_SpellGemHighlight</Highlight>
		</SpellGemDrawTemplate>
		<SpellIconOffsetX>0</SpellIconOffsetX>
		<SpellIconOffsetY>0</SpellIconOffsetY>
	</SpellGem>
	<SpellGem item="CSPW_Spell1">
		<ScreenID>CSPW_Spell1</ScreenID>
		<RelativePosition>true</RelativePosition>
		<Location>
			<X>7</X>
			<Y>48</Y>
		</Location>
		<Size>
			<CX>126</CX>
			<CY>23</CY>
		</Size>
		<SpellGemDrawTemplate>
			<Holder>A_dzSpellBG</Holder>
			<Background>A_BtnFlyby</Background>
			<Highlight>A_SpellGemHighlight</Highlight>
		</SpellGemDrawTemplate>
		<SpellIconOffsetX>0</SpellIconOffsetX>
		<SpellIconOffsetY>0</SpellIconOffsetY>
	</SpellGem>
	<SpellGem item="CSPW_Spell2">
		<ScreenID>CSPW_Spell2</ScreenID>
		<RelativePosition>true</RelativePosition>
		<Location>
			<X>7</X>
			<Y>72</Y>
		</Location>
		<Size>
			<CX>126</CX>
			<CY>23</CY>
		</Size>
		<SpellGemDrawTemplate>
			<Holder>A_dzSpellBG</Holder>
			<Background>A_BtnFlyby</Background>
			<Highlight>A_SpellGemHighlight</Highlight>
		</SpellGemDrawTemplate>
		<SpellIconOffsetX>0</SpellIconOffsetX>
		<SpellIconOffsetY>0</SpellIconOffsetY>
	</SpellGem>
	<SpellGem item="CSPW_Spell3">
		<ScreenID>CSPW_Spell3</ScreenID>
		<RelativePosition>true</RelativePosition>
		<Location>
			<X>7</X>
			<Y>96</Y>
		</Location>
		<Size>
			<CX>126</CX>
			<CY>23</CY>
		</Size>
		<SpellGemDrawTemplate>
			<Holder>A_dzSpellBG</Holder>
			<Background>A_BtnFlyby</Background>
			<Highlight>A_SpellGemHighlight</Highlight>
		</SpellGemDrawTemplate>
		<SpellIconOffsetX>0</SpellIconOffsetX>
		<SpellIconOffsetY>0</SpellIconOffsetY>
	</SpellGem>
	<SpellGem item="CSPW_Spell4">
		<ScreenID>CSPW_Spell4</ScreenID>
		<RelativePosition>true</RelativePosition>
		<Location>
			<X>7</X>
			<Y>120</Y>
		</Location>
		<Size>
			<CX>126</CX>
			<CY>23</CY>
		</Size>
		<SpellGemDrawTemplate>
			<Holder>A_dzSpellBG</Holder>
			<Background>A_BtnFlyby</Background>
			<Highlight>A_SpellGemHighlight</Highlight>
		</SpellGemDrawTemplate>
		<SpellIconOffsetX>0</SpellIconOffsetX>
		<SpellIconOffsetY>0</SpellIconOffsetY>
	</SpellGem>
	<SpellGem item="CSPW_Spell5">
		<ScreenID>CSPW_Spell5</ScreenID>
		<RelativePosition>true</RelativePosition>
		<Location>
			<X>7</X>
			<Y>144</Y>
		</Location>
		<Size>
			<CX>126</CX>
			<CY>23</CY>
		</Size>
		<SpellGemDrawTemplate>
			<Holder>A_dzSpellBG</Holder>
			<Background>A_BtnFlyby</Background>
			<Highlight>A_SpellGemHighlight</Highlight>
		</SpellGemDrawTemplate>
		<SpellIconOffsetX>0</SpellIconOffsetX>
		<SpellIconOffsetY>0</SpellIconOffsetY>
	</SpellGem>
	<SpellGem item="CSPW_Spell6">
		<ScreenID>CSPW_Spell6</ScreenID>
		<RelativePosition>true</RelativePosition>
		<Location>
			<X>7</X>
			<Y>168</Y>
		</Location>
		<Size>
			<CX>126</CX>
			<CY>23</CY>
		</Size>
		<SpellGemDrawTemplate>
			<Holder>A_dzSpellBG</Holder>
			<Background>A_BtnFlyby</Background>
			<Highlight>A_SpellGemHighlight</Highlight>
		</SpellGemDrawTemplate>
		<SpellIconOffsetX>0</SpellIconOffsetX>
		<SpellIconOffsetY>0</SpellIconOffsetY>
	</SpellGem>
	<SpellGem item="CSPW_Spell7">
		<ScreenID>CSPW_Spell7</ScreenID>
		<RelativePosition>true</RelativePosition>
		<Location>
			<X>7</X>
			<Y>192</Y>
		</Location>
		<Size>
			<CX>126</CX>
			<CY>23</CY>
		</Size>
		<SpellGemDrawTemplate>
			<Holder>A_dzSpellBG</Holder>
			<Background>A_BtnFlyby</Background>
			<Highlight>A_SpellGemHighlight</Highlight>
		</SpellGemDrawTemplate>
		<SpellIconOffsetX>0</SpellIconOffsetX>
		<SpellIconOffsetY>0</SpellIconOffsetY>
	</SpellGem>
	<!-- Spell Names -->
	<Label item="CSPW_Spell0_Name">
		<ScreenID>CSPW_Spell0_Name</ScreenID>
		<Font>2</Font>
		<RelativePosition>true</RelativePosition>
		<Location>
			<X>32</X>
			<Y>28</Y>
		</Location>
		<Size>
			<CX>100</CX>
			<CY>16</CY>
		</Size>
		<EQType>60</EQType>
		<TextColor>
			<R>255</R>
			<G>255</G>
			<B>255</B>
		</TextColor>
		<NoWrap>false</NoWrap>
		<AlignCenter>true</AlignCenter>
		<AlignRight>false</AlignRight>
		<AlignLeft>false</AlignLeft>
	</Label>
	<Label item="CSPW_Spell1_Name">
		<ScreenID>CSPW_Spell1_Name</ScreenID>
		<Font>2</Font>
		<RelativePosition>true</RelativePosition>
		<Location>
			<X>32</X>
			<Y>52</Y>
		</Location>
		<Size>
			<CX>100</CX>
			<CY>16</CY>
		</Size>
		<EQType>61</EQType>
		<TextColor>
			<R>255</R>
			<G>255</G>
			<B>255</B>
		</TextColor>
		<NoWrap>false</NoWrap>
		<AlignCenter>true</AlignCenter>
		<AlignRight>false</AlignRight>
		<AlignLeft>false</AlignLeft>
	</Label>
	<Label item="CSPW_Spell2_Name">
		<ScreenID>CSPW_Spell2_Name</ScreenID>
		<Font>2</Font>
		<RelativePosition>true</RelativePosition>
		<Location>
			<X>32</X>
			<Y>76</Y>
		</Location>
		<Size>
			<CX>100</CX>
			<CY>16</CY>
		</Size>
		<EQType>62</EQType>
		<TextColor>
			<R>255</R>
			<G>255</G>
			<B>255</B>
		</TextColor>
		<NoWrap>false</NoWrap>
		<AlignCenter>true</AlignCenter>
		<AlignRight>false</AlignRight>
		<AlignLeft>false</AlignLeft>
	</Label>
	<Label item="CSPW_Spell3_Name">
		<ScreenID>CSPW_Spell3_Name</ScreenID>
		<Font>2</Font>
		<RelativePosition>true</RelativePosition>
		<Location>
			<X>32</X>
			<Y>100</Y>
		</Location>
		<Size>
			<CX>100</CX>
			<CY>16</CY>
		</Size>
		<EQType>63</EQType>
		<TextColor>
			<R>255</R>
			<G>255</G>
			<B>255</B>
		</TextColor>
		<NoWrap>false</NoWrap>
		<AlignCenter>true</AlignCenter>
		<AlignRight>false</AlignRight>
		<AlignLeft>false</AlignLeft>
	</Label>
	<Label item="CSPW_Spell4_Name">
		<ScreenID>CSPW_Spell4_Name</ScreenID>
		<Font>2</Font>
		<RelativePosition>true</RelativePosition>
		<Location>
			<X>32</X>
			<Y>124</Y>
		</Location>
		<Size>
			<CX>100</CX>
			<CY>16</CY>
		</Size>
		<EQType>64</EQType>
		<TextColor>
			<R>255</R>
			<G>255</G>
			<B>255</B>
		</TextColor>
		<NoWrap>false</NoWrap>
		<AlignCenter>true</AlignCenter>
		<AlignRight>false</AlignRight>
		<AlignLeft>false</AlignLeft>
	</Label>
	<Label item="CSPW_Spell5_Name">
		<ScreenID>CSPW_Spell5_Name</ScreenID>
		<Font>2</Font>
		<RelativePosition>true</RelativePosition>
		<Location>
			<X>32</X>
			<Y>148</Y>
		</Location>
		<Size>
			<CX>100</CX>
			<CY>16</CY>
		</Size>
		<EQType>65</EQType>
		<TextColor>
			<R>255</R>
			<G>255</G>
			<B>255</B>
		</TextColor>
		<NoWrap>false</NoWrap>
		<AlignCenter>true</AlignCenter>
		<AlignRight>false</AlignRight>
		<AlignLeft>false</AlignLeft>
	</Label>
	<Label item="CSPW_Spell6_Name">
		<ScreenID>CSPW_Spell6_Name</ScreenID>
		<Font>2</Font>
		<RelativePosition>true</RelativePosition>
		<Location>
			<X>32</X>
			<Y>172</Y>
		</Location>
		<Size>
			<CX>100</CX>
			<CY>16</CY>
		</Size>
		<EQType>66</EQType>
		<TextColor>
			<R>255</R>
			<G>255</G>
			<B>255</B>
		</TextColor>
		<NoWrap>false</NoWrap>
		<AlignCenter>true</AlignCenter>
		<AlignRight>false</AlignRight>
		<AlignLeft>false</AlignLeft>
	</Label>
	<Label item="CSPW_Spell7_Name">
		<ScreenID>CSPW_Spell7_Name</ScreenID>
		<Font>2</Font>
		<RelativePosition>true</RelativePosition>
		<Location>
			<X>32</X>
			<Y>196</Y>
		</Location>
		<Size>
			<CX>100</CX>
			<CY>16</CY>
		</Size>
		<EQType>67</EQType>
		<TextColor>
			<R>255</R>
			<G>255</G>
			<B>255</B>
		</TextColor>
		<NoWrap>false</NoWrap>
		<AlignCenter>true</AlignCenter>
		<AlignRight>false</AlignRight>
		<AlignLeft>false</AlignLeft>
	</Label>
  <!-- Spell Labels --> 
	<Label item="CSPW_Spell0_Label">
		<ScreenID>CSPW_Spell0_Label</ScreenID>
		<Font>4</Font>
		<RelativePosition>true</RelativePosition>
		<Location>
			<X>9</X>
			<Y>28</Y>
		</Location>
		<Size>
			<CX>22</CX>
			<CY>22</CY>
		</Size>
		<Text>1</Text>
		<TextColor>
			<R>255</R>
			<G>255</G>
			<B>255</B>
		</TextColor>
		<NoWrap>true</NoWrap>
		<AlignCenter>true</AlignCenter>
		<AlignRight>false</AlignRight>
		<AlignLeft>false</AlignLeft>
	</Label>
	<Label item="CSPW_Spell1_Label">
		<ScreenID>CSPW_Spell1_Label</ScreenID>
		<Font>4</Font>
		<RelativePosition>true</RelativePosition>
		<Location>
			<X>8</X>
			<Y>52</Y>
		</Location>
		<Size>
			<CX>22</CX>
			<CY>22</CY>
		</Size>
		<Text>2</Text>
		<TextColor>
			<R>255</R>
			<G>255</G>
			<B>255</B>
		</TextColor>
		<NoWrap>true</NoWrap>
		<AlignCenter>true</AlignCenter>
		<AlignRight>false</AlignRight>
		<AlignLeft>false</AlignLeft>
	</Label>
	<Label item="CSPW_Spell2_Label">
		<ScreenID>CSPW_Spell2_Label</ScreenID>
		<Font>4</Font>
		<RelativePosition>true</RelativePosition>
		<Location>
			<X>9</X>
			<Y>76</Y>
		</Location>
		<Size>
			<CX>22</CX>
			<CY>22</CY>
		</Size>
		<Text>3</Text>
		<TextColor>
			<R>255</R>
			<G>255</G>
			<B>255</B>
		</TextColor>
		<NoWrap>true</NoWrap>
		<AlignCenter>true</AlignCenter>
		<AlignRight>false</AlignRight>
		<AlignLeft>false</AlignLeft>
	</Label>
	<Label item="CSPW_Spell3_Label">
		<ScreenID>CSPW_Spell3_Label</ScreenID>
		<Font>4</Font>
		<RelativePosition>true</RelativePosition>
		<Location>
			<X>8</X>
			<Y>100</Y>
		</Location>
		<Size>
			<CX>22</CX>
			<CY>22</CY>
		</Size>
		<Text>9</Text>
		<TextColor>
			<R>255</R>
			<G>255</G>
			<B>255</B>
		</TextColor>
		<NoWrap>true</NoWrap>
		<AlignCenter>true</AlignCenter>
		<AlignRight>false</AlignRight>
		<AlignLeft>false</AlignLeft>
	</Label>
	<Label item="CSPW_Spell4_Label">
		<ScreenID>CSPW_Spell4_Label</ScreenID>
		<Font>4</Font>
		<RelativePosition>true</RelativePosition>
		<Location>
			<X>9</X>
			<Y>124</Y>
		</Location>
		<Size>
			<CX>22</CX>
			<CY>22</CY>
		</Size>
		<Text>5</Text>
		<TextColor>
			<R>255</R>
			<G>255</G>
			<B>255</B>
		</TextColor>
		<NoWrap>true</NoWrap>
		<AlignCenter>true</AlignCenter>
		<AlignRight>false</AlignRight>
		<AlignLeft>false</AlignLeft>
	</Label>
	<Label item="CSPW_Spell5_Label">
		<ScreenID>CSPW_Spell5_Label</ScreenID>
		<Font>4</Font>
		<RelativePosition>true</RelativePosition>
		<Location>
			<X>9</X>
			<Y>148</Y>
		</Location>
		<Size>
			<CX>22</CX>
			<CY>22</CY>
		</Size>
		<Text>6</Text>
		<TextColor>
			<R>255</R>
			<G>255</G>
			<B>255</B>
		</TextColor>
		<NoWrap>true</NoWrap>
		<AlignCenter>true</AlignCenter>
		<AlignRight>false</AlignRight>
		<AlignLeft>false</AlignLeft>
	</Label>
	<Label item="CSPW_Spell6_Label">
		<ScreenID>CSPW_Spell6_Label</ScreenID>
		<Font>4</Font>
		<RelativePosition>true</RelativePosition>
		<Location>
			<X>9</X>
			<Y>172</Y>
		</Location>
		<Size>
			<CX>22</CX>
			<CY>22</CY>
		</Size>
		<Text>7</Text>
		<TextColor>
			<R>255</R>
			<G>255</G>
			<B>255</B>
		</TextColor>
		<NoWrap>true</NoWrap>
		<AlignCenter>true</AlignCenter>
		<AlignRight>false</AlignRight>
		<AlignLeft>false</AlignLeft>
	</Label>
	<Label item="CSPW_Spell7_Label">
		<ScreenID>CSPW_Spell7_Label</ScreenID>
		<Font>4</Font>
		<RelativePosition>true</RelativePosition>
		<Location>
			<X>9</X>
			<Y>196</Y>
		</Location>
		<Size>
			<CX>22</CX>
			<CY>22</CY>
		</Size>
		<Text>8</Text>
		<TextColor>
			<R>255</R>
			<G>255</G>
			<B>255</B>
		</TextColor>
		<NoWrap>true</NoWrap>
		<AlignCenter>true</AlignCenter>
		<AlignRight>false</AlignRight>
		<AlignLeft>false</AlignLeft>
	</Label>
	<!--******************************************-->
	<Screen item="CastSpellWnd">
		<!--<ScreenID/>-->
		<!--<Font/>-->
		<RelativePosition>false</RelativePosition>
		<Location>
			<X>280</X>
			<Y>100</Y>
		</Location>
		<Size>
			<CX>140</CX>
			<CY>220</CY>
		</Size>
		<Text>Spells</Text>
		<Style_VScroll>false</Style_VScroll>
		<Style_HScroll>false</Style_HScroll>
		<Style_Transparent>false</Style_Transparent>
		<!--<TooltipReference/>-->
		<DrawTemplate>WDT_RoundedNoTitle</DrawTemplate>
		<Style_Titlebar>false</Style_Titlebar>
		<Style_Closebox>false</Style_Closebox>
		<Style_Minimizebox>false</Style_Minimizebox>
		<Style_Border>false</Style_Border>
		<Style_Sizable>false</Style_Sizable>
		<!-- Phorm Background -->
		<Pieces>phorm_CastSpellWnd</Pieces>
		<!-- Spell Book Button -->
		<Pieces>CSPW_SpellBook</Pieces>
		<!-- Spell Labels -->
		<Pieces>CSPW_Spell0_Label</Pieces>
		<Pieces>CSPW_Spell1_Label</Pieces>
		<Pieces>CSPW_Spell2_Label</Pieces>
		<Pieces>CSPW_Spell3_Label</Pieces>
		<Pieces>CSPW_Spell4_Label</Pieces>
		<Pieces>CSPW_Spell5_Label</Pieces>
		<Pieces>CSPW_Spell6_Label</Pieces>
		<Pieces>CSPW_Spell7_Label</Pieces>
		<!-- Spell Gems -->
		<Pieces>CSPW_Spell0</Pieces>
		<Pieces>CSPW_Spell1</Pieces>
		<Pieces>CSPW_Spell2</Pieces>
		<Pieces>CSPW_Spell3</Pieces>
		<Pieces>CSPW_Spell4</Pieces>
		<Pieces>CSPW_Spell5</Pieces>
		<Pieces>CSPW_Spell6</Pieces>
		<Pieces>CSPW_Spell7</Pieces>
		<!-- Spell Names -->
		<Pieces>CSPW_Spell0_Name</Pieces>
		<Pieces>CSPW_Spell1_Name</Pieces>
		<Pieces>CSPW_Spell2_Name</Pieces>
		<Pieces>CSPW_Spell3_Name</Pieces>
		<Pieces>CSPW_Spell4_Name</Pieces>
		<Pieces>CSPW_Spell5_Name</Pieces>
		<Pieces>CSPW_Spell6_Name</Pieces>
		<Pieces>CSPW_Spell7_Name</Pieces>
	</Screen>
</XML>