<?xml version="1.0" encoding="us-ascii"?>
<XML ID="EQInterfaceDefinitionLanguage">
	<Schema xmlns="EverQuestData" xmlns:dt="EverQuestDataTypes" />
	<!-- Phorm Background -->
	<TextureInfo item="phorm_ActionsWindow.tga">
		<Size>
			<CX>256</CX>
			<CY>256</CY>
		</Size>
	</TextureInfo>
	<Ui2DAnimation item="phorm_ActionsWindow">
		<Frames>
			<Texture>phorm_ActionsWindow.tga</Texture>
			<Location>
				<X>0</X>
				<Y>0</Y>
			</Location>
			<Size>
				<CX>140</CX>
				<CY>220</CY>
			</Size>
			<Hotspot>
				<X>0</X>
				<Y>0</Y>
			</Hotspot>
		</Frames>
	</Ui2DAnimation>
	<StaticAnimation item="phorm_ActionsWindow">
		<ScreenID>phorm_ActionsWindow</ScreenID>
		<RelativePosition>true</RelativePosition>
			<Location>
				<X>0</X>
				<Y>0</Y>
			</Location>
			<Size>
				<CX>140</CX>
				<CY>220</CY>
			</Size>
		<Animation>phorm_ActionsWindow</Animation>
	</StaticAnimation>
	<!-- Actions Window Layers -->  
	<Ui2DAnimation item="ACTW_LineDivider1">
		<Cycle>true</Cycle>
		<Frames>
			<Texture>window_pieces01.tga</Texture>
			<Location>
				<X>50</X>
				<Y>80</Y>
			</Location>
			<Size>
				<CX>10</CX>
				<CY>1</CY>
			</Size>
			<Hotspot>
				<X>0</X>
				<Y>0</Y>
			</Hotspot>
			<Duration>1000</Duration>
		</Frames>
	</Ui2DAnimation>
	<Ui2DAnimation item="ACTW_LineDivider2">
		<Cycle>true</Cycle>
		<Frames>
			<Texture>window_pieces01.tga</Texture>
			<Location>
				<X>70</X>
				<Y>90</Y>
			</Location>
			<Size>
				<CX>10</CX>
				<CY>1</CY>
			</Size>
			<Hotspot>
				<X>0</X>
				<Y>0</Y>
			</Hotspot>
			<Duration>1000</Duration>
		</Frames>
	</Ui2DAnimation>
	<Ui2DAnimation item="ACTW_ColumnDivider">
		<Cycle>true</Cycle>
		<Frames>
			<Texture>window_pieces01.tga</Texture>
			<Location>
				<X>70</X>
				<Y>90</Y>
			</Location>
			<Size>
				<CX>1</CX>
				<CY>10</CY>
			</Size>
			<Hotspot>
				<X>0</X>
				<Y>0</Y>
			</Hotspot>
			<Duration>1000</Duration>
		</Frames>
	</Ui2DAnimation>
	<StaticAnimation item="ACTW_LineDivider1">
		<ScreenID>ACTW_LineDivider1</ScreenID>
		<Location>
			<X>5</X>
			<Y>24</Y>
		</Location>
		<Size>
			<CX>130</CX>
			<CY>1</CY>
		</Size>
		<Animation>ACTW_LineDivider1</Animation>
	</StaticAnimation>	

	<!-- Actions Main Page -->
	<StaticAnimation item="AMP_LineDivider1">
		<ScreenID>AMP_LineDivider1</ScreenID>
		<Location>
			<X>2</X>
			<Y>0</Y>
		</Location>
		<Size>
			<CX>62</CX>
			<CY>1</CY>
		</Size>
		<Animation>ACTW_LineDivider2</Animation>
	</StaticAnimation>
	<StaticAnimation item="AMP_LineDivider2">
		<ScreenID>AMP_LineDivider2</ScreenID>
		<Location>
			<X>66</X>
			<Y>0</Y>
		</Location>
		<Size>
			<CX>62</CX>
			<CY>1</CY>
		</Size>
		<Animation>ACTW_LineDivider2</Animation>
	</StaticAnimation>
	<StaticAnimation item="AMP_LineDivider3">
		<ScreenID>AMP_LineDivider3</ScreenID>
		<Location>
			<X>2</X>
			<Y>140</Y>
		</Location>
		<Size>
			<CX>62</CX>
			<CY>1</CY>
		</Size>
		<Animation>ACTW_LineDivider2</Animation>
	</StaticAnimation>
	<StaticAnimation item="AMP_LineDivider4">
		<ScreenID>AMP_LineDivider4</ScreenID>
		<Location>
			<X>66</X>
			<Y>140</Y>
		</Location>
		<Size>
			<CX>62</CX>
			<CY>1</CY>
		</Size>
		<Animation>ACTW_LineDivider2</Animation>
	</StaticAnimation>
	<StaticAnimation item="AMP_ColumnDivider1">
		<ScreenID>AMP_ColumnDivider1</ScreenID>
		<Location>
			<X>2</X>
			<Y>1</Y>
		</Location>
		<Size>
			<CX>1</CX>
			<CY>139</CY>
		</Size>
		<Animation>ACTW_ColumnDivider</Animation>
	</StaticAnimation>
	<StaticAnimation item="AMP_ColumnDivider2">
		<ScreenID>AMP_ColumnDivider2</ScreenID>
		<Location>
			<X>63</X>
			<Y>1</Y>
		</Location>
		<Size>
			<CX>1</CX>
			<CY>139</CY>
		</Size>
		<Animation>ACTW_ColumnDivider</Animation>
	</StaticAnimation>
	<StaticAnimation item="AMP_ColumnDivider3">
		<ScreenID>AMP_ColumnDivider3</ScreenID>
		<Location>
			<X>66</X>
			<Y>1</Y>
		</Location>
		<Size>
			<CX>1</CX>
			<CY>139</CY>
		</Size>
		<Animation>ACTW_ColumnDivider</Animation>
	</StaticAnimation>
	<StaticAnimation item="AMP_ColumnDivider4">
		<ScreenID>AMP_ColumnDivider4</ScreenID>
		<Location>
			<X>127</X>
			<Y>1</Y>
		</Location>
		<Size>
			<CX>1</CX>
			<CY>139</CY>
		</Size>
		<Animation>ACTW_ColumnDivider</Animation>
	</StaticAnimation>
	<!-- Actions Main Page Buttons -->
	<Button item="AMP_WhoButton">
		<ScreenID>AMP_WhoButton</ScreenID>
		<Font>3</Font>
		<RelativePosition>true</RelativePosition>
		<Location>
			<X>66</X>
			<Y>148</Y>
		</Location>
		<Size>
			<CX>62</CX>
			<CY>16</CY>
		</Size>
		<Text>Who</Text>
		<TextColor>
			<R>255</R>
			<G>255</G>
			<B>255</B>
		</TextColor>
		<ButtonDrawTemplate>
			<Normal>A_BtnNormal</Normal>
			<Pressed>A_BtnPressed</Pressed>
			<Flyby>A_BtnFlyby</Flyby>
			<Disabled>A_BtnDisabled</Disabled>
			<PressedFlyby>A_BtnPressedFlyby</PressedFlyby>
		</ButtonDrawTemplate>
	</Button>
	<Button item="AMP_CampButton">
		<ScreenID>AMP_CampButton</ScreenID>
		<Font>3</Font>
		<RelativePosition>true</RelativePosition>
		<Location>
			<X>2</X>
			<Y>148</Y>
		</Location>
		<Size>
			<CX>62</CX>
			<CY>16</CY>
		</Size>
		<Text>Camp</Text>
		<TextColor>
			<R>255</R>
			<G>255</G>
			<B>255</B>
		</TextColor>
		<ButtonDrawTemplate>
			<Normal>A_BtnNormal</Normal>
			<Pressed>A_BtnPressed</Pressed>
			<Flyby>A_BtnFlyby</Flyby>
			<Disabled>A_BtnDisabled</Disabled>
			<PressedFlyby>A_BtnPressedFlyby</PressedFlyby>
		</ButtonDrawTemplate>
	</Button>
	<Button item="AMP_SitButton">
		<ScreenID>AMP_SitButton</ScreenID>
		<Font>3</Font>
		<RelativePosition>true</RelativePosition>
		<Location>
			<X>2</X>
			<Y>166</Y>
		</Location>
		<Size>
			<CX>62</CX>
			<CY>16</CY>
		</Size>
		<Text>Sit</Text>
		<TextColor>
			<R>255</R>
			<G>255</G>
			<B>255</B>
		</TextColor>
		<ButtonDrawTemplate>
			<Normal>A_BtnNormal</Normal>
			<Pressed>A_BtnPressed</Pressed>
			<Flyby>A_BtnFlyby</Flyby>
			<Disabled>A_BtnDisabled</Disabled>
			<PressedFlyby>A_BtnPressedFlyby</PressedFlyby>
		</ButtonDrawTemplate>
	</Button>
	<Button item="AMP_StandButton">
		<ScreenID>AMP_StandButton</ScreenID>
		<Font>3</Font>
		<RelativePosition>true</RelativePosition>
		<Location>
			<X>2</X>
			<Y>166</Y>
		</Location>
		<Size>
			<CX>62</CX>
			<CY>16</CY>
		</Size>
		<Text>Stand</Text>
		<TextColor>
			<R>255</R>
			<G>255</G>
			<B>255</B>
		</TextColor>
		<ButtonDrawTemplate>
			<Normal>A_BtnNormal</Normal>
			<Pressed>A_BtnPressed</Pressed>
			<Flyby>A_BtnFlyby</Flyby>
			<Disabled>A_BtnDisabled</Disabled>
			<PressedFlyby>A_BtnPressedFlyby</PressedFlyby>
		</ButtonDrawTemplate>
	</Button>
	<Button item="AMP_RunButton">
		<ScreenID>AMP_RunButton</ScreenID>
		<Font>3</Font>
		<RelativePosition>true</RelativePosition>
		<Location>
			<X>66</X>
			<Y>166</Y>
		</Location>
		<Size>
			<CX>62</CX>
			<CY>16</CY>
		</Size>
		<Text>Run</Text>
		<TextColor>
			<R>255</R>
			<G>255</G>
			<B>255</B>
		</TextColor>
		<ButtonDrawTemplate>
			<Normal>A_BtnNormal</Normal>
			<Pressed>A_BtnPressed</Pressed>
			<Flyby>A_BtnFlyby</Flyby>
			<Disabled>A_BtnDisabled</Disabled>
			<PressedFlyby>A_BtnPressedFlyby</PressedFlyby>
		</ButtonDrawTemplate>
	</Button>
	<Button item="AMP_WalkButton">
		<ScreenID>AMP_WalkButton</ScreenID>
		<Font>3</Font>
		<RelativePosition>true</RelativePosition>
		<Location>
			<X>66</X>
			<Y>166</Y>
		</Location>
		<Size>
			<CX>62</CX>
			<CY>16</CY>
		</Size>
		<Text>Walk</Text>
		<TextColor>
			<R>255</R>
			<G>255</G>
			<B>255</B>
		</TextColor>
		<ButtonDrawTemplate>
			<Normal>A_BtnNormal</Normal>
			<Pressed>A_BtnPressed</Pressed>
			<Flyby>A_BtnFlyby</Flyby>
			<Disabled>A_BtnDisabled</Disabled>
			<PressedFlyby>A_BtnPressedFlyby</PressedFlyby>
		</ButtonDrawTemplate>
	</Button>
	<!-- Unused Main Page Buttons -->
	<Button item="AMP_FindButton">
		<ScreenID>AMP_FindButton</ScreenID>
		<!--<Font>3</Font>-->
		<RelativePosition>true</RelativePosition>
		<Location>
			<X>12</X>
			<Y>-2</Y>
		</Location>
		<Size>
			<CX>1</CX>
			<CY>1</CY>
		</Size>
		<Text>Find</Text>
		<TextColor>
			<R>255</R>
			<G>255</G>
			<B>255</B>
		</TextColor>
		<ButtonDrawTemplate>
			<Normal>A_BtnNormal</Normal>
			<Pressed>A_BtnPressed</Pressed>
			<Flyby>A_BtnFlyby</Flyby>
			<Disabled>A_BtnDisabled</Disabled>
			<PressedFlyby>A_BtnPressedFlyby</PressedFlyby>
		</ButtonDrawTemplate>
	</Button>
	<Button item="AMP_EndFindButton">
		<ScreenID>AMP_EndFindButton</ScreenID>
		<!--<Font>3</Font>-->
		<RelativePosition>true</RelativePosition>
		<Location>
			<X>12</X>
			<Y>-2</Y>
		</Location>
		<Size>
			<CX>1</CX>
			<CY>1</CY>
		</Size>
		<Text>End Find</Text>
		<TextColor>
			<R>255</R>
			<G>255</G>
			<B>255</B>
		</TextColor>
		<ButtonDrawTemplate>
			<Normal>A_BtnNormal</Normal>
			<Pressed>A_BtnPressed</Pressed>
			<Flyby>A_BtnFlyby</Flyby>
			<Disabled>A_BtnDisabled</Disabled>
			<PressedFlyby>A_BtnPressedFlyby</PressedFlyby>
		</ButtonDrawTemplate>
	</Button>
	<Button item="AMP_InviteButton">
		<ScreenID>AMP_InviteButton</ScreenID>
		<RelativePosition>true</RelativePosition>
		<Location>
			<X>3</X>
			<Y>-2</Y>
		</Location>
		<Size>
			<CX>1</CX>
			<CY>1</CY>
		</Size>
		<Text>Invite</Text>
		<TextColor>
			<R>255</R>
			<G>255</G>
			<B>255</B>
		</TextColor>
		<ButtonDrawTemplate>
			<Normal>A_BtnNormal</Normal>
			<Pressed>A_BtnPressed</Pressed>
			<Flyby>A_BtnFlyby</Flyby>
			<Disabled>A_BtnDisabled</Disabled>
			<PressedFlyby>A_BtnPressedFlyby</PressedFlyby>
		</ButtonDrawTemplate>
	</Button>
	<Button item="AMP_FollowButton">
		<ScreenID>AMP_FollowButton</ScreenID>
		<RelativePosition>true</RelativePosition>
		<Location>
			<X>3</X>
			<Y>-2</Y>
		</Location>
		<Size>
			<CX>1</CX>
			<CY>1</CY>
		</Size>
		<Text>Follow</Text>
		<TextColor>
			<R>255</R>
			<G>255</G>
			<B>255</B>
		</TextColor>
		<ButtonDrawTemplate>
			<Normal>A_BtnNormal</Normal>
			<Pressed>A_BtnPressed</Pressed>
			<Flyby>A_BtnFlyby</Flyby>
			<Disabled>A_BtnDisabled</Disabled>
			<PressedFlyby>A_BtnPressedFlyby</PressedFlyby>
		</ButtonDrawTemplate>
	</Button>
	<Button item="AMP_DisbandButton">
		<ScreenID>AMP_DisbandButton</ScreenID>
		<RelativePosition>true</RelativePosition>
		<Location>
			<X>1</X>
			<Y>1</Y>
		</Location>
		<Size>
			<CX>1</CX>
			<CY>1</CY>
		</Size>
		<Text>Disband</Text>
		<TextColor>
			<R>255</R>
			<G>255</G>
			<B>255</B>
		</TextColor>
		<ButtonDrawTemplate>
			<Normal>A_BtnNormal</Normal>
			<Pressed>A_BtnPressed</Pressed>
			<Flyby>A_BtnFlyby</Flyby>
			<Disabled>A_BtnDisabled</Disabled>
			<PressedFlyby>A_BtnPressedFlyby</PressedFlyby>
		</ButtonDrawTemplate>
	</Button>
	<!-- ReLsist icons -->
	<Ui2DAnimation item="FRicon">
		<Cycle>true</Cycle>
		<Frames>
			<Texture>dzbars.png</Texture>
			<Location>
				<X>104</X>
				<Y>0</Y>
			</Location>
			<Size>
				<CX>20</CX>
				<CY>20</CY>
			</Size>
			<Hotspot>
				<X>0</X>
				<Y>0</Y>
			</Hotspot>
			<Duration>1000</Duration>
		</Frames>
	</Ui2DAnimation>
	<Ui2DAnimation item="CRicon">
		<Cycle>true</Cycle>
		<Frames>
			<Texture>dzbars.png</Texture>
			<Location>
				<X>124</X>
				<Y>0</Y>
			</Location>
			<Size>
				<CX>20</CX>
				<CY>20</CY>
			</Size>
			<Hotspot>
				<X>0</X>
				<Y>0</Y>
			</Hotspot>
			<Duration>1000</Duration>
		</Frames>
	</Ui2DAnimation>
	<Ui2DAnimation item="MRicon">
		<Cycle>true</Cycle>
		<Frames>
			<Texture>dzbars.png</Texture>
			<Location>
				<X>144</X>
				<Y>0</Y>
			</Location>
			<Size>
				<CX>20</CX>
				<CY>20</CY>
			</Size>
			<Hotspot>
				<X>0</X>
				<Y>0</Y>
			</Hotspot>
			<Duration>1000</Duration>
		</Frames>
	</Ui2DAnimation>
	<Ui2DAnimation item="PRicon">
		<Cycle>true</Cycle>
		<Frames>
			<Texture>dzbars.png</Texture>
			<Location>
				<X>164</X>
				<Y>0</Y>
			</Location>
			<Size>
				<CX>20</CX>
				<CY>20</CY>
			</Size>
			<Hotspot>
				<X>0</X>
				<Y>0</Y>
			</Hotspot>
			<Duration>1000</Duration>
		</Frames>
	</Ui2DAnimation>
	<Ui2DAnimation item="DRicon">
		<Cycle>true</Cycle>
		<Frames>
			<Texture>dzbars.png</Texture>
			<Location>
				<X>184</X>
				<Y>0</Y>
			</Location>
			<Size>
				<CX>20</CX>
				<CY>20</CY>
			</Size>
			<Hotspot>
				<X>0</X>
				<Y>0</Y>
			</Hotspot>
			<Duration>1000</Duration>
		</Frames>
	</Ui2DAnimation>
	<!-- Actions Main Page Stats -->
	<Label item="STRLabel">
		<ScreenID>STRLabel</ScreenID>
		<Font>3</Font>
		<RelativePosition>true</RelativePosition>
		<Location>
			<X>8</X>
			<Y>3</Y>
		</Location>
		<Size>
			<CX>25</CX>
			<CY>20</CY>
		</Size>
		<Text>STR</Text>
		<TextColor>
			<R>255</R>
			<G>255</G>
			<B>255</B>
		</TextColor>
		<NoWrap>true</NoWrap>
		<AlignCenter>false</AlignCenter>
		<AlignRight>false</AlignRight>
		<AlignLeft>true</AlignLeft>
		<Style_Tooltip>false</Style_Tooltip>
	</Label>
	<Label item="STR">
		<ScreenID>STR</ScreenID>
		<EQType>5</EQType>
		<Font>3</Font>
		<RelativePosition>true</RelativePosition>
		<Location>
			<X>34</X>
			<Y>3</Y>
		</Location>
		<Size>
			<CX>25</CX>
			<CY>20</CY>
		</Size>
		<TextColor>
			<R>255</R>
			<G>255</G>
			<B>255</B>
		</TextColor>
		<NoWrap>true</NoWrap>
		<Text>255</Text>
		<NoWrap>true</NoWrap>
		<AlignCenter>false</AlignCenter>
		<AlignRight>true</AlignRight>
		<AlignLeft>false</AlignLeft>
	</Label>
	<Label item="STALabel">
		<ScreenID>STRLabel</ScreenID>
		<Font>3</Font>
		<RelativePosition>true</RelativePosition>
		<Location>
			<X>8</X>
			<Y>23</Y>
		</Location>
		<Size>
			<CX>25</CX>
			<CY>20</CY>
		</Size>
		<Text>STA</Text>
		<TextColor>
			<R>255</R>
			<G>255</G>
			<B>255</B>
		</TextColor>
		<NoWrap>true</NoWrap>
		<AlignCenter>false</AlignCenter>
		<AlignRight>false</AlignRight>
		<AlignLeft>true</AlignLeft>
		<Style_Tooltip>false</Style_Tooltip>
	</Label>
	<Label item="STA">
		<ScreenID>STA</ScreenID>
		<EQType>6</EQType>
		<Font>3</Font>
		<RelativePosition>true</RelativePosition>
		<Location>
			<X>34</X>
			<Y>23</Y>
		</Location>
		<Size>
			<CX>25</CX>
			<CY>20</CY>
		</Size>
		<TextColor>
			<R>255</R>
			<G>255</G>
			<B>255</B>
		</TextColor>
		<NoWrap>true</NoWrap>
		<Text>255</Text>
		<NoWrap>true</NoWrap>
		<AlignCenter>false</AlignCenter>
		<AlignRight>true</AlignRight>
		<AlignLeft>false</AlignLeft>
	</Label>
	<Label item="AGILabel">
		<ScreenID>AGILabel</ScreenID>
		<Font>3</Font>
		<RelativePosition>true</RelativePosition>
		<Location>
			<X>8</X>
			<Y>43</Y>
		</Location>
		<Size>
			<CX>25</CX>
			<CY>20</CY>
		</Size>
		<Text>AGI</Text>
		<TextColor>
			<R>255</R>
			<G>255</G>
			<B>255</B>
		</TextColor>
		<NoWrap>true</NoWrap>
		<AlignCenter>false</AlignCenter>
		<AlignRight>false</AlignRight>
		<AlignLeft>true</AlignLeft>
		<Style_Tooltip>false</Style_Tooltip>
	</Label>
	<Label item="AGI">
		<ScreenID>AGI</ScreenID>
		<EQType>8</EQType>
		<Font>3</Font>
		<RelativePosition>true</RelativePosition>
		<Location>
			<X>34</X>
			<Y>43</Y>
		</Location>
		<Size>
			<CX>25</CX>
			<CY>20</CY>
		</Size>
		<TextColor>
			<R>255</R>
			<G>255</G>
			<B>255</B>
		</TextColor>
		<NoWrap>true</NoWrap>
		<Text>255</Text>
		<NoWrap>true</NoWrap>
		<AlignCenter>false</AlignCenter>
		<AlignRight>true</AlignRight>
		<AlignLeft>false</AlignLeft>
	</Label>
	<Label item="DEXLabel">
		<ScreenID>DEXLabel</ScreenID>
		<Font>3</Font>
		<RelativePosition>true</RelativePosition>
		<Location>
			<X>8</X>
			<Y>63</Y>
		</Location>
		<Size>
			<CX>25</CX>
			<CY>20</CY>
		</Size>
		<Text>DEX</Text>
		<TextColor>
			<R>255</R>
			<G>255</G>
			<B>255</B>
		</TextColor>
		<NoWrap>true</NoWrap>
		<AlignCenter>false</AlignCenter>
		<AlignRight>false</AlignRight>
		<AlignLeft>true</AlignLeft>
		<Style_Tooltip>false</Style_Tooltip>
	</Label>
	<Label item="DEX">
		<ScreenID>DEX</ScreenID>
		<EQType>7</EQType>
		<Font>3</Font>
		<RelativePosition>true</RelativePosition>
		<Location>
			<X>34</X>
			<Y>63</Y>
		</Location>
		<Size>
			<CX>25</CX>
			<CY>20</CY>
		</Size>
		<TextColor>
			<R>255</R>
			<G>255</G>
			<B>255</B>
		</TextColor>
		<NoWrap>true</NoWrap>
		<Text>255</Text>
		<NoWrap>true</NoWrap>
		<AlignCenter>false</AlignCenter>
		<AlignRight>true</AlignRight>
		<AlignLeft>false</AlignLeft>
	</Label>
	<Label item="WISLabel">
		<ScreenID>WISLabel</ScreenID>
		<Font>3</Font>
		<RelativePosition>true</RelativePosition>
		<Location>
			<X>8</X>
			<Y>83</Y>
		</Location>
		<Size>
			<CX>25</CX>
			<CY>20</CY>
		</Size>
		<Text>WIS</Text>
		<TextColor>
			<R>255</R>
			<G>255</G>
			<B>255</B>
		</TextColor>
		<NoWrap>true</NoWrap>
		<AlignCenter>false</AlignCenter>
		<AlignRight>false</AlignRight>
		<AlignLeft>true</AlignLeft>
		<Style_Tooltip>false</Style_Tooltip>
	</Label>
	<Label item="WIS">
		<ScreenID>WIS</ScreenID>
		<EQType>9</EQType>
		<Font>3</Font>
		<RelativePosition>true</RelativePosition>
		<Location>
			<X>34</X>
			<Y>83</Y>
		</Location>
		<Size>
			<CX>25</CX>
			<CY>20</CY>
		</Size>
		<TextColor>
			<R>255</R>
			<G>255</G>
			<B>255</B>
		</TextColor>
		<NoWrap>true</NoWrap>
		<Text>255</Text>
		<NoWrap>true</NoWrap>
		<AlignCenter>false</AlignCenter>
		<AlignRight>true</AlignRight>
		<AlignLeft>false</AlignLeft>
	</Label>
	<Label item="INTLabel">
		<ScreenID>INTLabel</ScreenID>
		<Font>3</Font>
		<RelativePosition>true</RelativePosition>
		<Location>
			<X>8</X>
			<Y>103</Y>
		</Location>
		<Size>
			<CX>25</CX>
			<CY>20</CY>
		</Size>
		<Text>INT</Text>
		<TextColor>
			<R>255</R>
			<G>255</G>
			<B>255</B>
		</TextColor>
		<NoWrap>true</NoWrap>
		<AlignCenter>false</AlignCenter>
		<AlignRight>false</AlignRight>
		<AlignLeft>true</AlignLeft>
		<Style_Tooltip>false</Style_Tooltip>
	</Label>
	<Label item="INT">
		<ScreenID>INT</ScreenID>
		<EQType>10</EQType>
		<Font>3</Font>
		<RelativePosition>true</RelativePosition>
		<Location>
			<X>34</X>
			<Y>103</Y>
		</Location>
		<Size>
			<CX>25</CX>
			<CY>20</CY>
		</Size>
		<TextColor>
			<R>255</R>
			<G>255</G>
			<B>255</B>
		</TextColor>
		<NoWrap>true</NoWrap>
		<Text>255</Text>
		<NoWrap>true</NoWrap>
		<AlignCenter>false</AlignCenter>
		<AlignRight>true</AlignRight>
		<AlignLeft>false</AlignLeft>
	</Label>
	<Label item="CHALabel">
		<ScreenID>CHALabel</ScreenID>
		<Font>3</Font>
		<RelativePosition>true</RelativePosition>
		<Location>
			<X>8</X>
			<Y>123</Y>
		</Location>
		<Size>
			<CX>25</CX>
			<CY>20</CY>
		</Size>
		<Text>CHA</Text>
		<TextColor>
			<R>255</R>
			<G>255</G>
			<B>255</B>
		</TextColor>
		<NoWrap>true</NoWrap>
		<AlignCenter>false</AlignCenter>
		<AlignRight>false</AlignRight>
		<AlignLeft>true</AlignLeft>
		<Style_Tooltip>false</Style_Tooltip>
	</Label>
	<Label item="CHA">
		<ScreenID>CHA</ScreenID>
		<EQType>11</EQType>
		<Font>3</Font>
		<RelativePosition>true</RelativePosition>
		<Location>
			<X>34</X>
			<Y>123</Y>
		</Location>
		<Size>
			<CX>25</CX>
			<CY>20</CY>
		</Size>
		<TextColor>
			<R>255</R>
			<G>255</G>
			<B>255</B>
		</TextColor>
		<NoWrap>true</NoWrap>
		<Text>255</Text>
		<NoWrap>true</NoWrap>
		<AlignCenter>false</AlignCenter>
		<AlignRight>true</AlignRight>
		<AlignLeft>false</AlignLeft>
	</Label>

	<Label item="ATKLabel">
		<ScreenID>ATKLabel</ScreenID>
		<Font>3</Font>
		<RelativePosition>true</RelativePosition>
		<Location>
			<X>72</X>
			<Y>3</Y>
		</Location>
		<Size>
			<CX>25</CX>
			<CY>16</CY>
		</Size>
		<Text>ATK</Text>
		<TextColor>
			<R>255</R>
			<G>150</G>
			<B>180</B>
		</TextColor>
		<NoWrap>true</NoWrap>
		<AlignCenter>false</AlignCenter>
		<AlignRight>false</AlignRight>
		<AlignLeft>true</AlignLeft>
		<Style_Tooltip>false</Style_Tooltip>
	</Label>
	<Label item="ATK">
		<ScreenID>ATK</ScreenID>
		<EQType>23</EQType>
		<Font>3</Font>
		<RelativePosition>true</RelativePosition>
		<Location>
			<X>93</X>
			<Y>3</Y>
		</Location>
		<Size>
			<CX>30</CX>
			<CY>16</CY>
		</Size>
		<TextColor>
			<R>255</R>
			<G>255</G>
			<B>255</B>
		</TextColor>
		<NoWrap>true</NoWrap>
		<Text>9999</Text>
		<NoWrap>true</NoWrap>
		<AlignCenter>false</AlignCenter>
		<AlignRight>true</AlignRight>
		<AlignLeft>false</AlignLeft>
	</Label>
	<Label item="ACLabel">
		<ScreenID>ACLabel</ScreenID>
		<Font>3</Font>
		<RelativePosition>true</RelativePosition>
		<Location>
			<X>72</X>
			<Y>23</Y>
		</Location>
		<Size>
			<CX>25</CX>
			<CY>16</CY>
		</Size>
		<Text>AC</Text>
		<TextColor>
			<R>170</R>
			<G>150</G>
			<B>255</B>
		</TextColor>
		<NoWrap>true</NoWrap>
		<AlignCenter>false</AlignCenter>
		<AlignRight>false</AlignRight>
		<AlignLeft>true</AlignLeft>
		<Style_Tooltip>false</Style_Tooltip>
	</Label>
	<Label item="AC">
		<ScreenID>AC</ScreenID>
		<EQType>22</EQType>
		<Font>3</Font>
		<RelativePosition>true</RelativePosition>
		<Location>
			<X>93</X>
			<Y>23</Y>
		</Location>
		<Size>
			<CX>30</CX>
			<CY>16</CY>
		</Size>
		<TextColor>
			<R>255</R>
			<G>255</G>
			<B>255</B>
		</TextColor>
		<NoWrap>true</NoWrap>
		<Text>9999</Text>
		<NoWrap>true</NoWrap>
		<AlignCenter>false</AlignCenter>
		<AlignRight>true</AlignRight>
		<AlignLeft>false</AlignLeft>
	</Label>

	<StaticAnimation item="FRIcon">
		<RelativePosition>true</RelativePosition>
		<Location>
			<X>70</X>
			<Y>40</Y>
		</Location>
		<Size>
			<CX>20</CX>
			<CY>20</CY>
		</Size>
		<Animation>FRicon</Animation>
	</StaticAnimation>
	<StaticAnimation item="CRIcon">
		<RelativePosition>true</RelativePosition>
		<Location>
			<X>70</X>
			<Y>60</Y>
		</Location>
		<Size>
			<CX>20</CX>
			<CY>20</CY>
		</Size>
		<Animation>CRicon</Animation>
	</StaticAnimation>
	<StaticAnimation item="MRIcon">
		<RelativePosition>true</RelativePosition>
		<Location>
			<X>70</X>
			<Y>80</Y>
		</Location>
		<Size>
			<CX>20</CX>
			<CY>20</CY>
		</Size>
		<Animation>MRicon</Animation>
	</StaticAnimation>
	<StaticAnimation item="PRIcon">
		<RelativePosition>true</RelativePosition>
		<Location>
			<X>70</X>
			<Y>100</Y>
		</Location>
		<Size>
			<CX>20</CX>
			<CY>20</CY>
		</Size>
		<Animation>PRicon</Animation>
	</StaticAnimation>
	<StaticAnimation item="DRIcon">
		<RelativePosition>true</RelativePosition>
		<Location>
			<X>70</X>
			<Y>120</Y>
		</Location>
		<Size>
			<CX>20</CX>
			<CY>20</CY>
		</Size>
		<Animation>DRicon</Animation>
	</StaticAnimation>

	<Label item="FRLabel">
		<ScreenID>FRLabel</ScreenID>
		<Font>3</Font>
		<RelativePosition>true</RelativePosition>
		<Location>
			<X>72</X>
			<Y>43</Y>
		</Location>
		<Size>
			<CX>25</CX>
			<CY>20</CY>
		</Size>
		<Text>FR</Text>
		<TextColor>
			<R>222</R>
			<G>222</G>
			<B>222</B>
		</TextColor>
		<NoWrap>true</NoWrap>
		<AlignCenter>false</AlignCenter>
		<AlignRight>false</AlignRight>
		<AlignLeft>true</AlignLeft>
		<Style_Tooltip>false</Style_Tooltip>
	</Label>
	<Label item="FR">
		<ScreenID>FR</ScreenID>
		<EQType>14</EQType>
		<Font>3</Font>
		<RelativePosition>true</RelativePosition>
		<Location>
			<X>98</X>
			<Y>43</Y>
		</Location>
		<Size>
			<CX>25</CX>
			<CY>20</CY>
		</Size>
		<TextColor>
			<R>255</R>
			<G>255</G>
			<B>255</B>
		</TextColor>
		<NoWrap>true</NoWrap>
		<Text>255</Text>
		<NoWrap>true</NoWrap>
		<AlignCenter>false</AlignCenter>
		<AlignRight>true</AlignRight>
		<AlignLeft>false</AlignLeft>
	</Label>
	<Label item="CRLabel">
		<ScreenID>CRLabel</ScreenID>
		<Font>3</Font>
		<RelativePosition>true</RelativePosition>
		<Location>
			<X>72</X>
			<Y>63</Y>
		</Location>
		<Size>
			<CX>25</CX>
			<CY>20</CY>
		</Size>
		<Text>CR</Text>
		<TextColor>
			<R>222</R>
			<G>222</G>
			<B>222</B>
		</TextColor>
		<NoWrap>true</NoWrap>
		<AlignCenter>false</AlignCenter>
		<AlignRight>false</AlignRight>
		<AlignLeft>true</AlignLeft>
		<Style_Tooltip>false</Style_Tooltip>
	</Label>
	<Label item="CR">
		<ScreenID>CR</ScreenID>
		<EQType>15</EQType>
		<Font>3</Font>
		<RelativePosition>true</RelativePosition>
		<Location>
			<X>98</X>
			<Y>63</Y>
		</Location>
		<Size>
			<CX>25</CX>
			<CY>20</CY>
		</Size>
		<TextColor>
			<R>255</R>
			<G>255</G>
			<B>255</B>
		</TextColor>
		<NoWrap>true</NoWrap>
		<Text>255</Text>
		<NoWrap>true</NoWrap>
		<AlignCenter>false</AlignCenter>
		<AlignRight>true</AlignRight>
		<AlignLeft>false</AlignLeft>
	</Label>
	<Label item="MRLabel">
		<ScreenID>MRLabel</ScreenID>
		<Font>3</Font>
		<RelativePosition>true</RelativePosition>
		<Location>
			<X>72</X>
			<Y>83</Y>
		</Location>
		<Size>
			<CX>25</CX>
			<CY>20</CY>
		</Size>
		<Text>MR</Text>
		<TextColor>
			<R>222</R>
			<G>222</G>
			<B>222</B>
		</TextColor>
		<NoWrap>true</NoWrap>
		<AlignCenter>false</AlignCenter>
		<AlignRight>false</AlignRight>
		<AlignLeft>true</AlignLeft>
		<Style_Tooltip>false</Style_Tooltip>
	</Label>
	<Label item="MR">
		<ScreenID>MR</ScreenID>
		<EQType>16</EQType>
		<Font>3</Font>
		<RelativePosition>true</RelativePosition>
		<Location>
			<X>98</X>
			<Y>83</Y>
		</Location>
		<Size>
			<CX>25</CX>
			<CY>20</CY>
		</Size>
		<TextColor>
			<R>255</R>
			<G>255</G>
			<B>255</B>
		</TextColor>
		<NoWrap>true</NoWrap>
		<Text>255</Text>
		<NoWrap>true</NoWrap>
		<AlignCenter>false</AlignCenter>
		<AlignRight>true</AlignRight>
		<AlignLeft>false</AlignLeft>
	</Label>
	<Label item="PRLabel">
		<ScreenID>PRLabel</ScreenID>
		<Font>3</Font>
		<RelativePosition>true</RelativePosition>
		<Location>
			<X>72</X>
			<Y>103</Y>
		</Location>
		<Size>
			<CX>25</CX>
			<CY>20</CY>
		</Size>
		<Text>PR</Text>
		<TextColor>
			<R>222</R>
			<G>222</G>
			<B>222</B>
		</TextColor>
		<NoWrap>true</NoWrap>
		<AlignCenter>false</AlignCenter>
		<AlignRight>false</AlignRight>
		<AlignLeft>true</AlignLeft>
		<Style_Tooltip>false</Style_Tooltip>
	</Label>
	<Label item="PR">
		<ScreenID>PR</ScreenID>
		<EQType>12</EQType>
		<Font>3</Font>
		<RelativePosition>true</RelativePosition>
		<Location>
			<X>98</X>
			<Y>103</Y>
		</Location>
		<Size>
			<CX>25</CX>
			<CY>20</CY>
		</Size>
		<TextColor>
			<R>255</R>
			<G>255</G>
			<B>255</B>
		</TextColor>
		<NoWrap>true</NoWrap>
		<Text>255</Text>
		<NoWrap>true</NoWrap>
		<AlignCenter>false</AlignCenter>
		<AlignRight>true</AlignRight>
		<AlignLeft>false</AlignLeft>
	</Label>
	<Label item="DRLabel">
		<ScreenID>DRLabel</ScreenID>
		<Font>3</Font>
		<RelativePosition>true</RelativePosition>
		<Location>
			<X>72</X>
			<Y>123</Y>
		</Location>
		<Size>
			<CX>30</CX>
			<CY>20</CY>
		</Size>
		<Text>DR</Text>
		<TextColor>
			<R>222</R>
			<G>222</G>
			<B>222</B>
		</TextColor>
		<NoWrap>true</NoWrap>
		<AlignCenter>false</AlignCenter>
		<AlignRight>false</AlignRight>
		<AlignLeft>true</AlignLeft>
		<Style_Tooltip>false</Style_Tooltip>
	</Label>
	<Label item="DR">
		<ScreenID>DR</ScreenID>
		<EQType>13</EQType>
		<Font>3</Font>
		<RelativePosition>true</RelativePosition>
		<Location>
			<X>98</X>
			<Y>123</Y>
		</Location>
		<Size>
			<CX>25</CX>
			<CY>20</CY>
		</Size>
		<TextColor>
			<R>255</R>
			<G>255</G>
			<B>255</B>
		</TextColor>
		<NoWrap>true</NoWrap>
		<Text>255</Text>
		<NoWrap>true</NoWrap>
		<AlignCenter>false</AlignCenter>
		<AlignRight>true</AlignRight>
		<AlignLeft>false</AlignLeft>
	</Label>
  
	<Page item="ActionsMainPage">
		<ScreenID>ActionsMainPage</ScreenID>
		<Font>3</Font>
		<RelativePosition>true</RelativePosition>
		<Style_VScroll>false</Style_VScroll>
		<Style_HScroll>false</Style_HScroll>
		<Style_Transparent>true</Style_Transparent>
		<TooltipReference>Main Page</TooltipReference>
		<DrawTemplate>WDT_Def</DrawTemplate>
		<TabIcon>A_MainTabIcon</TabIcon>
		<TabIconActive>A_MainTabActiveIcon</TabIconActive>
		<!-- Actions Main Page -->
		<Pieces>AMP_LineDivider1</Pieces>
		<Pieces>AMP_LineDivider2</Pieces>
		<Pieces>AMP_LineDivider3</Pieces>
		<Pieces>AMP_LineDivider4</Pieces>
		<Pieces>AMP_ColumnDivider1</Pieces>
		<Pieces>AMP_ColumnDivider2</Pieces>
		<Pieces>AMP_ColumnDivider3</Pieces>
		<Pieces>AMP_ColumnDivider4</Pieces>

		<!-- Actions Main Page Buttons -->
		<Pieces>AMP_WhoButton</Pieces>
		<Pieces>AMP_CampButton</Pieces>
		<Pieces>AMP_SitButton</Pieces>
		<Pieces>AMP_StandButton</Pieces>
		<Pieces>AMP_RunButton</Pieces>
		<Pieces>AMP_WalkButton</Pieces>
		<!-- Unused Main Page Buttons -->
		<Pieces>AMP_FindButton</Pieces>
		<Pieces>AMP_EndFindButton</Pieces>
		<Pieces>AMP_InviteButton</Pieces>
		<Pieces>AMP_FollowButton</Pieces>
		<Pieces>AMP_DisbandButton</Pieces>
		<!-- Actions Main Page Stats -->		
		<Pieces>STRLabel</Pieces>
		<Pieces>STR</Pieces>
		<Pieces>STALabel</Pieces>
		<Pieces>STA</Pieces>
		<Pieces>AGILabel</Pieces>
		<Pieces>AGI</Pieces>
		<Pieces>DEXLabel</Pieces>
		<Pieces>DEX</Pieces>
		<Pieces>WISLabel</Pieces>
		<Pieces>WIS</Pieces>
		<Pieces>INTLabel</Pieces>
		<Pieces>INT</Pieces>
		<Pieces>CHALabel</Pieces>
		<Pieces>CHA</Pieces>
		<Pieces>ATKLabel</Pieces>
		<Pieces>ATK</Pieces>
		<Pieces>ACLabel</Pieces>
		<Pieces>AC</Pieces>
		<Pieces>FRLabel</Pieces>
		<Pieces>FRIcon</Pieces>
		<Pieces>FR</Pieces>
		<Pieces>CRLabel</Pieces>
		<Pieces>CRIcon</Pieces>
		<Pieces>CR</Pieces>
		<Pieces>MRLabel</Pieces>
		<Pieces>MRIcon</Pieces>
		<Pieces>MR</Pieces>
		<Pieces>PRLabel</Pieces>
		<Pieces>PRIcon</Pieces>
		<Pieces>PR</Pieces>
		<Pieces>DRLabel</Pieces>
		<Pieces>DRIcon</Pieces>
		<Pieces>DR</Pieces>
		<Location>
			<X>0</X>
			<Y>22</Y>
		</Location>
		<Size>
			<CX>130</CX>
			<CY>187</CY>
		</Size>
	</Page>

	<!-- Actions Abilities Page -->
	<Button item="AAP_FirstAbilityButton">
		<ScreenID>AAP_FirstAbilityButton</ScreenID>
		<Font>3</Font>
		<RelativePosition>true</RelativePosition>
		<Location>
			<X>6</X>
			<Y>4</Y>
		</Location>
		<Size>
			<CX>58</CX>
			<CY>58</CY>
		</Size>
		<Text>1</Text>
		<TextColor>
			<R>255</R>
			<G>255</G>
			<B>255</B>
		</TextColor>
		<ButtonDrawTemplate>
			<Normal>A_SquareBtnNormal</Normal>
			<Pressed>A_SquareBtnPressed</Pressed>
			<Flyby>A_SquareBtnFlyby</Flyby>
			<Disabled>A_SquareBtnDisabled</Disabled>
			<PressedFlyby>A_SquareBtnPressedFlyby</PressedFlyby>
		</ButtonDrawTemplate>
	</Button>
	<Button item="AAP_SecondAbilityButton">
		<ScreenID>AAP_SecondAbilityButton</ScreenID>
		<Font>3</Font>
		<RelativePosition>true</RelativePosition>
		<Location>
			<X>66</X>
			<Y>4</Y>
		</Location>
		<Size>
			<CX>58</CX>
			<CY>58</CY>
		</Size>
		<Text>2</Text>
		<TextColor>
			<R>255</R>
			<G>255</G>
			<B>255</B>
		</TextColor>
		<ButtonDrawTemplate>
			<Normal>A_SquareBtnNormal</Normal>
			<Pressed>A_SquareBtnPressed</Pressed>
			<Flyby>A_SquareBtnFlyby</Flyby>
			<Disabled>A_SquareBtnDisabled</Disabled>
			<PressedFlyby>A_SquareBtnPressedFlyby</PressedFlyby>
		</ButtonDrawTemplate>
	</Button>
	<Button item="AAP_ThirdAbilityButton">
		<ScreenID>AAP_ThirdAbilityButton</ScreenID>
		<Font>3</Font>
		<RelativePosition>true</RelativePosition>
		<Location>
			<X>6</X>
			<Y>64</Y>
		</Location>
		<Size>
			<CX>58</CX>
			<CY>58</CY>
		</Size>
		<Text>3</Text>
		<TextColor>
			<R>255</R>
			<G>255</G>
			<B>255</B>
		</TextColor>
		<ButtonDrawTemplate>
			<Normal>A_SquareBtnNormal</Normal>
			<Pressed>A_SquareBtnPressed</Pressed>
			<Flyby>A_SquareBtnFlyby</Flyby>
			<Disabled>A_SquareBtnDisabled</Disabled>
			<PressedFlyby>A_SquareBtnPressedFlyby</PressedFlyby>
		</ButtonDrawTemplate>
	</Button>
	<Button item="AAP_FourthAbilityButton">
		<ScreenID>AAP_FourthAbilityButton</ScreenID>
		<Font>3</Font>
		<RelativePosition>true</RelativePosition>
		<Location>
			<X>66</X>
			<Y>64</Y>
		</Location>
		<Size>
			<CX>58</CX>
			<CY>58</CY>
		</Size>
		<Text>4</Text>
		<TextColor>
			<R>255</R>
			<G>255</G>
			<B>255</B>
		</TextColor>
		<ButtonDrawTemplate>
			<Normal>A_SquareBtnNormal</Normal>
			<Pressed>A_SquareBtnPressed</Pressed>
			<Flyby>A_SquareBtnFlyby</Flyby>
			<Disabled>A_SquareBtnDisabled</Disabled>
			<PressedFlyby>A_SquareBtnPressedFlyby</PressedFlyby>
		</ButtonDrawTemplate>
	</Button>
	<Button item="AAP_FifthAbilityButton">
		<ScreenID>AAP_FifthAbilityButton</ScreenID>
		<Font>3</Font>
		<RelativePosition>true</RelativePosition>
		<Location>
			<X>6</X>
			<Y>124</Y>
		</Location>
		<Size>
			<CX>58</CX>
			<CY>58</CY>
		</Size>
		<Text>5</Text>
		<TextColor>
			<R>255</R>
			<G>255</G>
			<B>255</B>
		</TextColor>
		<ButtonDrawTemplate>
			<Normal>A_SquareBtnNormal</Normal>
			<Pressed>A_SquareBtnPressed</Pressed>
			<Flyby>A_SquareBtnFlyby</Flyby>
			<Disabled>A_SquareBtnDisabled</Disabled>
			<PressedFlyby>A_SquareBtnPressedFlyby</PressedFlyby>
		</ButtonDrawTemplate>
	</Button>
	<Button item="AAP_SixthAbilityButton">
		<ScreenID>AAP_SixthAbilityButton</ScreenID>
		<Font>3</Font>
		<RelativePosition>true</RelativePosition>
		<Location>
			<X>66</X>
			<Y>124</Y>
		</Location>
		<Size>
			<CX>58</CX>
			<CY>58</CY>
		</Size>
		<Text>6</Text>
		<TextColor>
			<R>255</R>
			<G>255</G>
			<B>255</B>
		</TextColor>
		<ButtonDrawTemplate>
			<Normal>A_SquareBtnNormal</Normal>
			<Pressed>A_SquareBtnPressed</Pressed>
			<Flyby>A_SquareBtnFlyby</Flyby>
			<Disabled>A_SquareBtnDisabled</Disabled>
			<PressedFlyby>A_SquareBtnPressedFlyby</PressedFlyby>
		</ButtonDrawTemplate>
	</Button>
	<Page item="ActionsAbilitiesPage">
		<ScreenID>ActionsAbilitiesPage</ScreenID>
		<Font>3</Font>
		<RelativePosition>true</RelativePosition>
		<Style_VScroll>false</Style_VScroll>
		<Style_HScroll>false</Style_HScroll>
		<Style_Transparent>true</Style_Transparent>
		<TooltipReference>Abilities Page</TooltipReference>
		<DrawTemplate>WDT_Def</DrawTemplate>
		<TabIcon>A_AbilitiesTabIcon</TabIcon>
		<TabIconActive>A_AbilitiesTabActiveIcon</TabIconActive>
		<Pieces>AAP_FirstAbilityButton</Pieces>
		<Pieces>AAP_SecondAbilityButton</Pieces>
		<Pieces>AAP_ThirdAbilityButton</Pieces>
		<Pieces>AAP_FourthAbilityButton</Pieces>
		<Pieces>AAP_FifthAbilityButton</Pieces>
		<Pieces>AAP_SixthAbilityButton</Pieces>
		<Location>
			<X>0</X>
			<Y>22</Y>
		</Location>
		<Size>
			<CX>130</CX>
			<CY>187</CY>
		</Size>
	</Page>

	<!-- Actions Combat Page -->
	<Button item="ACP_MeleeAttackButton">
		<ScreenID>ACP_MeleeAttackButton</ScreenID>
		<Font>3</Font>
		<RelativePosition>true</RelativePosition>
		<Location>
			<X>6</X>
			<Y>4</Y>
		</Location>
		<Size>
			<CX>58</CX>
			<CY>58</CY>
		</Size>
		<Text>Melee Attack</Text>
		<TextColor>
			<R>255</R>
			<G>255</G>
			<B>255</B>
		</TextColor>
		<DecalSize>
			<CX>56</CX>
			<CY>56</CY>
		</DecalSize>
		<ButtonDrawTemplate>
			<Normal>A_SquareBtnNormal</Normal>
			<Pressed>A_SquareBtnPressed</Pressed>
			<Flyby>A_SquareBtnFlyby</Flyby>
			<Disabled>A_SquareBtnDisabled</Disabled>
			<PressedFlyby>A_SquareBtnPressedFlyby</PressedFlyby>
		</ButtonDrawTemplate>
	</Button>
	<Button item="ACP_RangeAttackButton">
		<ScreenID>ACP_RangeAttackButton</ScreenID>
		<Font>3</Font>
		<RelativePosition>true</RelativePosition>
		<Location>
			<X>66</X>
			<Y>4</Y>
		</Location>
		<Size>
			<CX>58</CX>
			<CY>58</CY>
		</Size>
		<Text>Range Attack</Text>
		<TextColor>
			<R>255</R>
			<G>255</G>
			<B>255</B>
		</TextColor>
		<DecalSize>
			<CX>56</CX>
			<CY>56</CY>
		</DecalSize>
		<ButtonDrawTemplate>
			<Normal>A_SquareBtnNormal</Normal>
			<Pressed>A_SquareBtnPressed</Pressed>
			<Flyby>A_SquareBtnFlyby</Flyby>
			<Disabled>A_SquareBtnDisabled</Disabled>
			<PressedFlyby>A_SquareBtnPressedFlyby</PressedFlyby>
		</ButtonDrawTemplate>
	</Button>
	<Button item="ACP_FirstAbilityButton">
		<ScreenID>ACP_FirstAbilityButton</ScreenID>
		<Font>3</Font>
		<RelativePosition>true</RelativePosition>
		<Location>
			<X>6</X>
			<Y>64</Y>
		</Location>
		<Size>
			<CX>58</CX>
			<CY>58</CY>
		</Size>
		<Text>1</Text>
		<TextColor>
			<R>255</R>
			<G>255</G>
			<B>255</B>
		</TextColor>
		<ButtonDrawTemplate>
			<Normal>A_SquareBtnNormal</Normal>
			<Pressed>A_SquareBtnPressed</Pressed>
			<Flyby>A_SquareBtnFlyby</Flyby>
			<Disabled>A_SquareBtnDisabled</Disabled>
			<PressedFlyby>A_SquareBtnPressedFlyby</PressedFlyby>
		</ButtonDrawTemplate>
	</Button>
	<Button item="ACP_SecondAbilityButton">
		<ScreenID>ACP_SecondAbilityButton</ScreenID>
		<Font>3</Font>
		<RelativePosition>true</RelativePosition>
		<Location>
			<X>66</X>
			<Y>64</Y>
		</Location>
		<Size>
			<CX>58</CX>
			<CY>58</CY>
		</Size>
		<Text>2</Text>
		<TextColor>
			<R>255</R>
			<G>255</G>
			<B>255</B>
		</TextColor>
		<ButtonDrawTemplate>
			<Normal>A_SquareBtnNormal</Normal>
			<Pressed>A_SquareBtnPressed</Pressed>
			<Flyby>A_SquareBtnFlyby</Flyby>
			<Disabled>A_SquareBtnDisabled</Disabled>
			<PressedFlyby>A_SquareBtnPressedFlyby</PressedFlyby>
		</ButtonDrawTemplate>
	</Button>
	<Button item="ACP_ThirdAbilityButton">
		<ScreenID>ACP_ThirdAbilityButton</ScreenID>
		<Font>3</Font>
		<RelativePosition>true</RelativePosition>
		<Location>
			<X>6</X>
			<Y>124</Y>
		</Location>
		<Size>
			<CX>58</CX>
			<CY>58</CY>
		</Size>
		<Text>3</Text>
		<TextColor>
			<R>255</R>
			<G>255</G>
			<B>255</B>
		</TextColor>
		<ButtonDrawTemplate>
			<Normal>A_SquareBtnNormal</Normal>
			<Pressed>A_SquareBtnPressed</Pressed>
			<Flyby>A_SquareBtnFlyby</Flyby>
			<Disabled>A_SquareBtnDisabled</Disabled>
			<PressedFlyby>A_SquareBtnPressedFlyby</PressedFlyby>
		</ButtonDrawTemplate>
	</Button>
	<Button item="ACP_FourthAbilityButton">
		<ScreenID>ACP_FourthAbilityButton</ScreenID>
		<Font>3</Font>
		<RelativePosition>true</RelativePosition>
		<Location>
			<X>66</X>
			<Y>124</Y>
		</Location>
		<Size>
			<CX>58</CX>
			<CY>58</CY>
		</Size>
		<Text>4</Text>
		<TextColor>
			<R>255</R>
			<G>255</G>
			<B>255</B>
		</TextColor>
		<ButtonDrawTemplate>
			<Normal>A_SquareBtnNormal</Normal>
			<Pressed>A_SquareBtnPressed</Pressed>
			<Flyby>A_SquareBtnFlyby</Flyby>
			<Disabled>A_SquareBtnDisabled</Disabled>
			<PressedFlyby>A_SquareBtnPressedFlyby</PressedFlyby>
		</ButtonDrawTemplate>
	</Button>
	<Page item="ActionsCombatPage">
		<ScreenID>ActionsCombatPage</ScreenID>
		<Font>3</Font>
		<RelativePosition>true</RelativePosition>
		<Style_VScroll>false</Style_VScroll>
		<Style_HScroll>false</Style_HScroll>
		<Style_Transparent>true</Style_Transparent>
		<TooltipReference>Combat Page</TooltipReference>
		<DrawTemplate>WDT_Def</DrawTemplate>
		<TabIcon>A_CombatTabIcon</TabIcon>
		<TabIconActive>A_CombatTabActiveIcon</TabIconActive>
		<Pieces>ACP_MeleeAttackButton</Pieces>
		<Pieces>ACP_RangeAttackButton</Pieces>
		<Pieces>ACP_FirstAbilityButton</Pieces>
		<Pieces>ACP_SecondAbilityButton</Pieces>
		<Pieces>ACP_ThirdAbilityButton</Pieces>
		<Pieces>ACP_FourthAbilityButton</Pieces>
		<Location>
			<X>0</X>
			<Y>22</Y>
		</Location>
		<Size>
			<CX>130</CX>
			<CY>187</CY>
		</Size>
	</Page>
	
	<!-- Actions Socials Page -->
	<Button item="ASP_SocialPageLeftButton">
		<ScreenID>ASP_SocialPageLeftButton</ScreenID>
		<Font>3</Font>
		<RelativePosition>true</RelativePosition>
		<Location>
			<X>10</X>
			<Y>6</Y>
		</Location>
		<Size>
			<CX>22</CX>
			<CY>12</CY>
		</Size>
		<Text />
		<TextColor>
			<R>255</R>
			<G>255</G>
			<B>255</B>
		</TextColor>
		<ButtonDrawTemplate>
			<Normal>A_HSBLeftNormal</Normal>
			<Pressed>A_HSBLeftPressed</Pressed>
			<Flyby>A_HSBLeftFlyby</Flyby>
			<Disabled>A_HSBLeftDisabled</Disabled>
			<PressedFlyby>A_HSBLeftPressedFlyby</PressedFlyby>
		</ButtonDrawTemplate>
	</Button>
	<Label item="ASP_CurrentSocialPageLabel">
		<ScreenID>ASP_CurrentSocialPageLabel</ScreenID>
		<Font>3</Font>
		<RelativePosition>true</RelativePosition>
		<Location>
			<X>48</X>
			<Y>6</Y>
		</Location>
		<Size>
			<CX>36</CX>
			<CY>22</CY>
		</Size>
		<Text>1</Text>
		<TextColor>
			<R>255</R>
			<G>255</G>
			<B>255</B>
		</TextColor>
		<NoWrap>false</NoWrap>
		<AlignCenter>true</AlignCenter>
		<AlignRight>false</AlignRight>
	  </Label>
	<Button item="ASP_SocialPageRightButton">
		<ScreenID>ASP_SocialPageRightButton</ScreenID>
		<!--<Font>3</Font>-->
		<RelativePosition>true</RelativePosition>
		<Location>
			<X>94</X>
			<Y>6</Y>
		</Location>
		<Size>
			<CX>22</CX>
			<CY>12</CY>
		</Size>
		<Text />
		<TextColor>
			<R>255</R>
			<G>255</G>
			<B>255</B>
		</TextColor>
		<ButtonDrawTemplate>
			<Normal>A_HSBRightNormal</Normal>
			<Pressed>A_HSBRightPressed</Pressed>
			<Flyby>A_HSBRightFlyby</Flyby>
			<Disabled>A_HSBRightDisabled</Disabled>
			<PressedFlyby>A_HSBRightPressedFlyby</PressedFlyby>
		</ButtonDrawTemplate>
	</Button>
	<Button item="ASP_SocialButton1">
		<ScreenID>ASP_SocialButton1</ScreenID>
		<Font>3</Font>
		<RelativePosition>true</RelativePosition>
		<Location>
			<X>2</X>
			<Y>28</Y>
		</Location>
		<Size>
			<CX>62</CX>
			<CY>24</CY>
		</Size>
		<Text />
		<TextColor>
			<R>255</R>
			<G>255</G>
			<B>255</B>
		</TextColor>
		<ButtonDrawTemplate>
			<Normal>A_SmallBtnNormal</Normal>
			<Pressed>A_SmallBtnPressed</Pressed>
			<Flyby>A_SmallBtnFlyby</Flyby>
			<Disabled>A_SmallBtnDisabled</Disabled>
			<PressedFlyby>A_SmallBtnPressedFlyby</PressedFlyby>
		</ButtonDrawTemplate>
	</Button>
	<Button item="ASP_SocialButton7">
		<ScreenID>ASP_SocialButton7</ScreenID>
		<Font>3</Font>
		<RelativePosition>true</RelativePosition>
		<Location>
			<X>66</X>
			<Y>28</Y>
		</Location>
		<Size>
			<CX>62</CX>
			<CY>24</CY>
		</Size>
		<Text />
		<TextColor>
			<R>255</R>
			<G>255</G>
			<B>255</B>
		</TextColor>
		<ButtonDrawTemplate>
			<Normal>A_SmallBtnNormal</Normal>
			<Pressed>A_SmallBtnPressed</Pressed>
			<Flyby>A_SmallBtnFlyby</Flyby>
			<Disabled>A_SmallBtnDisabled</Disabled>
			<PressedFlyby>A_SmallBtnPressedFlyby</PressedFlyby>
		</ButtonDrawTemplate>
	</Button>
	<Button item="ASP_SocialButton2">
		<ScreenID>ASP_SocialButton2</ScreenID>
		<Font>3</Font>
		<RelativePosition>true</RelativePosition>
		<Location>
			<X>2</X>
			<Y>54</Y>
		</Location>
		<Size>
			<CX>62</CX>
			<CY>24</CY>
		</Size>
		<Text />
		<TextColor>
			<R>255</R>
			<G>255</G>
			<B>255</B>
		</TextColor>
		<ButtonDrawTemplate>
			<Normal>A_SmallBtnNormal</Normal>
			<Pressed>A_SmallBtnPressed</Pressed>
			<Flyby>A_SmallBtnFlyby</Flyby>
			<Disabled>A_SmallBtnDisabled</Disabled>
			<PressedFlyby>A_SmallBtnPressedFlyby</PressedFlyby>
		</ButtonDrawTemplate>
	</Button>
	<Button item="ASP_SocialButton8">
		<ScreenID>ASP_SocialButton8</ScreenID>
		<Font>3</Font>
		<RelativePosition>true</RelativePosition>
		<Location>
			<X>66</X>
			<Y>54</Y>
		</Location>
		<Size>
			<CX>62</CX>
			<CY>24</CY>
		</Size>
		<Text />
		<TextColor>
			<R>255</R>
			<G>255</G>
			<B>255</B>
		</TextColor>
		<ButtonDrawTemplate>
			<Normal>A_SmallBtnNormal</Normal>
			<Pressed>A_SmallBtnPressed</Pressed>
			<Flyby>A_SmallBtnFlyby</Flyby>
			<Disabled>A_SmallBtnDisabled</Disabled>
			<PressedFlyby>A_SmallBtnPressedFlyby</PressedFlyby>
		</ButtonDrawTemplate>
	</Button>
	<Button item="ASP_SocialButton3">
		<ScreenID>ASP_SocialButton3</ScreenID>
		<Font>3</Font>
		<RelativePosition>true</RelativePosition>
		<Location>
			<X>2</X>
			<Y>80</Y>
		</Location>
		<Size>
			<CX>62</CX>
			<CY>24</CY>
		</Size>
		<Text />
		<TextColor>
			<R>255</R>
			<G>255</G>
			<B>255</B>
		</TextColor>
		<ButtonDrawTemplate>
			<Normal>A_SmallBtnNormal</Normal>
			<Pressed>A_SmallBtnPressed</Pressed>
			<Flyby>A_SmallBtnFlyby</Flyby>
			<Disabled>A_SmallBtnDisabled</Disabled>
			<PressedFlyby>A_SmallBtnPressedFlyby</PressedFlyby>
		</ButtonDrawTemplate>
	</Button>
	<Button item="ASP_SocialButton9">
		<ScreenID>ASP_SocialButton9</ScreenID>
		<Font>3</Font>
		<RelativePosition>true</RelativePosition>
		<Location>
			<X>66</X>
			<Y>80</Y>
		</Location>
		<Size>
			<CX>62</CX>
			<CY>24</CY>
		</Size>
		<Text />
		<TextColor>
			<R>255</R>
			<G>255</G>
			<B>255</B>
		</TextColor>
		<ButtonDrawTemplate>
			<Normal>A_SmallBtnNormal</Normal>
			<Pressed>A_SmallBtnPressed</Pressed>
			<Flyby>A_SmallBtnFlyby</Flyby>
			<Disabled>A_SmallBtnDisabled</Disabled>
			<PressedFlyby>A_SmallBtnPressedFlyby</PressedFlyby>
		</ButtonDrawTemplate>
	</Button>
	<Button item="ASP_SocialButton4">
		<ScreenID>ASP_SocialButton4</ScreenID>
		<Font>3</Font>
		<RelativePosition>true</RelativePosition>
		<Location>
			<X>2</X>
			<Y>106</Y>
		</Location>
		<Size>
			<CX>62</CX>
			<CY>24</CY>
		</Size>
		<Text />
		<TextColor>
			<R>255</R>
			<G>255</G>
			<B>255</B>
		</TextColor>
		<ButtonDrawTemplate>
			<Normal>A_SmallBtnNormal</Normal>
			<Pressed>A_SmallBtnPressed</Pressed>
			<Flyby>A_SmallBtnFlyby</Flyby>
			<Disabled>A_SmallBtnDisabled</Disabled>
			<PressedFlyby>A_SmallBtnPressedFlyby</PressedFlyby>
		</ButtonDrawTemplate>
	</Button>
	<Button item="ASP_SocialButton10">
		<ScreenID>ASP_SocialButton10</ScreenID>
		<Font>3</Font>
		<RelativePosition>true</RelativePosition>
		<Location>
			<X>66</X>
			<Y>106</Y>
		</Location>
		<Size>
			<CX>62</CX>
			<CY>24</CY>
		</Size>
		<Text />
		<TextColor>
			<R>255</R>
			<G>255</G>
			<B>255</B>
		</TextColor>
		<ButtonDrawTemplate>
			<Normal>A_SmallBtnNormal</Normal>
			<Pressed>A_SmallBtnPressed</Pressed>
			<Flyby>A_SmallBtnFlyby</Flyby>
			<Disabled>A_SmallBtnDisabled</Disabled>
			<PressedFlyby>A_SmallBtnPressedFlyby</PressedFlyby>
		</ButtonDrawTemplate>
	</Button>
	<Button item="ASP_SocialButton5">
		<ScreenID>ASP_SocialButton5</ScreenID>
		<Font>3</Font>
		<RelativePosition>true</RelativePosition>
		<Location>
			<X>2</X>
			<Y>132</Y>
		</Location>
		<Size>
			<CX>62</CX>
			<CY>24</CY>
		</Size>
		<Text />
		<TextColor>
			<R>255</R>
			<G>255</G>
			<B>255</B>
		</TextColor>
		<ButtonDrawTemplate>
			<Normal>A_SmallBtnNormal</Normal>
			<Pressed>A_SmallBtnPressed</Pressed>
			<Flyby>A_SmallBtnFlyby</Flyby>
			<Disabled>A_SmallBtnDisabled</Disabled>
			<PressedFlyby>A_SmallBtnPressedFlyby</PressedFlyby>
		</ButtonDrawTemplate>
	</Button>
	<Button item="ASP_SocialButton11">
		<ScreenID>ASP_SocialButton11</ScreenID>
		<Font>3</Font>
		<RelativePosition>true</RelativePosition>
		<Location>
			<X>66</X>
			<Y>132</Y>
		</Location>
		<Size>
			<CX>62</CX>
			<CY>24</CY>
		</Size>
		<Text />
		<TextColor>
			<R>255</R>
			<G>255</G>
			<B>255</B>
		</TextColor>
		<ButtonDrawTemplate>
			<Normal>A_SmallBtnNormal</Normal>
			<Pressed>A_SmallBtnPressed</Pressed>
			<Flyby>A_SmallBtnFlyby</Flyby>
			<Disabled>A_SmallBtnDisabled</Disabled>
			<PressedFlyby>A_SmallBtnPressedFlyby</PressedFlyby>
		</ButtonDrawTemplate>
	</Button>
	<Button item="ASP_SocialButton6">
		<ScreenID>ASP_SocialButton6</ScreenID>
		<Font>3</Font>
		<RelativePosition>true</RelativePosition>
		<Location>
			<X>2</X>
			<Y>158</Y>
		</Location>
		<Size>
			<CX>62</CX>
			<CY>24</CY>
		</Size>
		<Text />
		<TextColor>
			<R>255</R>
			<G>255</G>
			<B>255</B>
		</TextColor>
		<ButtonDrawTemplate>
			<Normal>A_SmallBtnNormal</Normal>
			<Pressed>A_SmallBtnPressed</Pressed>
			<Flyby>A_SmallBtnFlyby</Flyby>
			<Disabled>A_SmallBtnDisabled</Disabled>
			<PressedFlyby>A_SmallBtnPressedFlyby</PressedFlyby>
		</ButtonDrawTemplate>
	</Button>
	<Button item="ASP_SocialButton12">
		<ScreenID>ASP_SocialButton12</ScreenID>
		<Font>3</Font>
		<RelativePosition>true</RelativePosition>
		<Location>
			<X>66</X>
			<Y>158</Y>
		</Location>
		<Size>
			<CX>62</CX>
			<CY>24</CY>
		</Size>
		<Text />
		<TextColor>
			<R>255</R>
			<G>255</G>
			<B>255</B>
		</TextColor>
		<ButtonDrawTemplate>
			<Normal>A_SmallBtnNormal</Normal>
			<Pressed>A_SmallBtnPressed</Pressed>
			<Flyby>A_SmallBtnFlyby</Flyby>
			<Disabled>A_SmallBtnDisabled</Disabled>
			<PressedFlyby>A_SmallBtnPressedFlyby</PressedFlyby>
		</ButtonDrawTemplate>
	</Button>
	<Page item="ActionsSocialsPage">
		<ScreenID>ActionsSocialsPage</ScreenID>
		<Font>3</Font>
		<RelativePosition>true</RelativePosition>
		<Style_VScroll>false</Style_VScroll>
		<Style_HScroll>false</Style_HScroll>
		<Style_Transparent>true</Style_Transparent>
		<TooltipReference>Socials Page</TooltipReference>
		<DrawTemplate>WDT_Def</DrawTemplate>
		<TabIcon>A_SocialsTabIcon</TabIcon>
		<TabIconActive>A_SocialsTabActiveIcon</TabIconActive>
		<Pieces>ASP_SocialPageLeftButton</Pieces>
		<Pieces>ASP_CurrentSocialPageLabel</Pieces>
		<Pieces>ASP_SocialPageRightButton</Pieces>
		<Pieces>ASP_SocialButton1</Pieces>
		<Pieces>ASP_SocialButton2</Pieces>
		<Pieces>ASP_SocialButton3</Pieces>
		<Pieces>ASP_SocialButton4</Pieces>
		<Pieces>ASP_SocialButton5</Pieces>
		<Pieces>ASP_SocialButton6</Pieces>
		<Pieces>ASP_SocialButton7</Pieces>
		<Pieces>ASP_SocialButton8</Pieces>
		<Pieces>ASP_SocialButton9</Pieces>
		<Pieces>ASP_SocialButton10</Pieces>
		<Pieces>ASP_SocialButton11</Pieces>
		<Pieces>ASP_SocialButton12</Pieces>
		<Location>
			<X>0</X>
			<Y>22</Y>
		</Location>
		<Size>
			<CX>130</CX>
			<CY>187</CY>
		</Size>
	</Page>

	<!-- Actions TabBox: Brings all the Actions Pages Together -->
	<TabBox item="ACTW_ActionsSubwindows">
		<ScreenID>ACTW_ActionsSubwindows</ScreenID>
		<!--<Font>3</Font>-->
		<RelativePosition>true</RelativePosition>
		<Location>
			<X>5</X>
			<Y>6</Y>
		</Location>
		<Size>
			<CX>130</CX>
			<CY>209</CY>
		</Size>
		<AutoStretch>false</AutoStretch>
		<TopAnchorToTop>false</TopAnchorToTop>
		<BottomAnchorToTop>false</BottomAnchorToTop>
		<LeftAnchorToLeft>false</LeftAnchorToLeft>
		<RightAnchorToLeft>false</RightAnchorToLeft>
		<TabBorderTemplate>FT_DefTabBorder</TabBorderTemplate>
		<PageBorderTemplate>FT_DefPageBorder</PageBorderTemplate>
		<Pages>ActionsMainPage</Pages>
		<Pages>ActionsAbilitiesPage</Pages>
		<Pages>ActionsCombatPage</Pages>
		<Pages>ActionsSocialsPage</Pages>
	</TabBox>
	<!--******************************************-->
	<Screen item="ActionsWindow">
		<!--<ScreenID/>-->
		<!--<Font>3</Font>-->
		<RelativePosition>false</RelativePosition>
		<Location>
			<X>0</X>
			<Y>100</Y>
		</Location>
		<Size>
			<CX>140</CX>
			<CY>220</CY>
		</Size>
		<Text>Actions</Text>
		<Style_VScroll>false</Style_VScroll>
		<Style_HScroll>false</Style_HScroll>
		<Style_Transparent>false</Style_Transparent>
		<!--<TooltipReference/>-->
		<DrawTemplate>WDT_RoundedNoTitle</DrawTemplate>
		<Style_Titlebar>false</Style_Titlebar>
		<Style_Closebox>true</Style_Closebox>
		<Style_Minimizebox>false</Style_Minimizebox>
		<Style_Border>false</Style_Border>
		<Style_Sizable>false</Style_Sizable>
		<!-- Phorm Background -->
		<Pieces>phorm_ActionsWindow</Pieces>
		<Pieces>ACTW_LineDivider1</Pieces>
		<!-- Actions TabBox -->
		<Pieces>ACTW_ActionsSubwindows</Pieces>
	</Screen>
</XML>