<?xml version="1.0" encoding="us-ascii"?>
<XML ID="EQInterfaceDefinitionLanguage">
  <Schema xmlns="EverQuestData" xmlns:dt="EverQuestDataTypes" />
	<!-- Phorm Background -->
	<TextureInfo item="phorm_BuffWindow.tga">
		<Size>
			<CX>256</CX>
			<CY>512</CY>
		</Size>
	</TextureInfo>
	<Ui2DAnimation item="phorm_BuffWindow">
		<Frames>
			<Texture>phorm_BuffWindow.tga</Texture>
			<Location>
				<X>0</X>
				<Y>0</Y>
			</Location>
			<Size>
				<CX>140</CX>
				<CY>420</CY>
			</Size>
			<Hotspot>
				<X>0</X>
				<Y>0</Y>
			</Hotspot>
		</Frames>
	</Ui2DAnimation>
	<StaticAnimation item="phorm_BuffWindow">
		<ScreenID>phorm_BuffWindow</ScreenID>
		<RelativePosition>true</RelativePosition>
			<Location>
				<X>0</X>
				<Y>0</Y>
			</Location>
			<Size>
				<CX>140</CX>
				<CY>420</CY>
			</Size>
		<Animation>phorm_BuffWindow</Animation>
	</StaticAnimation>

	<!-- Buff Slot Labels -->
	<Label item="BW_Number0Label">
		<ScreenID>BW_Number0Label</ScreenID>
		<Font>2</Font>
		<RelativePosition>true</RelativePosition>
		<Location>
			<X>111</X>
			<Y>9</Y>
		</Location>
		<Size>
			<CX>26</CX>
			<CY>12</CY>
		</Size>
		<Text>1</Text>
		<TextColor>
			<R>175</R>
			<G>175</G>
			<B>175</B>
		</TextColor>
		<NoWrap>false</NoWrap>
		<AlignCenter>true</AlignCenter>
		<AlignRight>false</AlignRight>
		<AlignLeft>false</AlignLeft>
	</Label>
	<Label item="BW_Number1Label">
		<ScreenID>BW_Number1Label</ScreenID>
		<Font>2</Font>
		<RelativePosition>true</RelativePosition>
		<Location>
			<X>111</X>
			<Y>36</Y>
		</Location>
		<Size>
			<CX>26</CX>
			<CY>12</CY>
		</Size>
		<Text>2</Text>
		<TextColor>
			<R>175</R>
			<G>175</G>
			<B>175</B>
		</TextColor>
		<NoWrap>false</NoWrap>
		<AlignCenter>true</AlignCenter>
		<AlignRight>false</AlignRight>
		<AlignLeft>false</AlignLeft>
	</Label>
	<Label item="BW_Number2Label">
		<ScreenID>BW_Number2Label</ScreenID>
 		<Font>2</Font>
		<RelativePosition>true</RelativePosition>
		<Location>
			<X>111</X>
			<Y>63</Y>
		</Location>
		<Size>
			<CX>26</CX>
			<CY>12</CY>
		</Size>
		<Text>3</Text>
		<TextColor>
			<R>175</R>
			<G>175</G>
			<B>175</B>
		</TextColor>
		<NoWrap>false</NoWrap>
		<AlignCenter>true</AlignCenter>
		<AlignRight>false</AlignRight>
		<AlignLeft>false</AlignLeft>
	</Label>
	<Label item="BW_Number3Label">
		<ScreenID>BW_Number3Label</ScreenID>
		<Font>2</Font>
		<RelativePosition>true</RelativePosition>
		<Location>
			<X>111</X>
			<Y>90</Y>
		</Location>
		<Size>
			<CX>26</CX>
			<CY>12</CY>
		</Size>
		<Text>4</Text>
		<TextColor>
			<R>175</R>
			<G>175</G>
			<B>175</B>
		</TextColor>
		<NoWrap>false</NoWrap>
		<AlignCenter>true</AlignCenter>
		<AlignRight>false</AlignRight>
		<AlignLeft>false</AlignLeft>
	</Label>
	<Label item="BW_Number4Label">
		<ScreenID>BW_Number4Label</ScreenID>
		<Font>2</Font>
		<RelativePosition>true</RelativePosition>
		<Location>
			<X>111</X>
			<Y>117</Y>
		</Location>
		<Size>
			<CX>26</CX>
			<CY>12</CY>
		</Size>
		<Text>5</Text>
		<TextColor>
			<R>175</R>
			<G>175</G>
			<B>175</B>
		</TextColor>
		<NoWrap>false</NoWrap>
		<AlignCenter>true</AlignCenter>
		<AlignRight>false</AlignRight>
		<AlignLeft>false</AlignLeft>
	</Label>
	<Label item="BW_Number5Label">
		<ScreenID>BW_Number5Label</ScreenID>
		<Font>2</Font>
		<RelativePosition>true</RelativePosition>
		<Location>
			<X>111</X>
			<Y>149</Y>
		</Location>
		<Size>
			<CX>26</CX>
			<CY>12</CY>
		</Size>
		<Text>6</Text>
		<TextColor>
			<R>175</R>
			<G>175</G>
			<B>175</B>
		</TextColor>
		<NoWrap>false</NoWrap>
		<AlignCenter>true</AlignCenter>
		<AlignRight>false</AlignRight>
		<AlignLeft>false</AlignLeft>
	</Label>
	<Label item="BW_Number6Label">
		<ScreenID>BW_Number6Label</ScreenID>
		<Font>2</Font>
		<RelativePosition>true</RelativePosition>
		<Location>
			<X>111</X>
			<Y>176</Y>
		</Location>
		<Size>
			<CX>26</CX>
			<CY>12</CY>
		</Size>
		<Text>7</Text>
		<TextColor>
			<R>175</R>
			<G>175</G>
			<B>175</B>
		</TextColor>
		<NoWrap>false</NoWrap>
		<AlignCenter>true</AlignCenter>
		<AlignRight>false</AlignRight>
		<AlignLeft>false</AlignLeft>
	</Label>
	<Label item="BW_Number7Label">
		<ScreenID>BW_Number7Label</ScreenID>
		<Font>2</Font>
		<RelativePosition>true</RelativePosition>
		<Location>
			<X>111</X>
			<Y>203</Y>
		</Location>
		<Size>
			<CX>26</CX>
			<CY>12</CY>
		</Size>
		<Text>8</Text>
		<TextColor>
			<R>175</R>
			<G>175</G>
			<B>175</B>
		</TextColor>
		<NoWrap>false</NoWrap>
		<AlignCenter>true</AlignCenter>
		<AlignRight>false</AlignRight>
		<AlignLeft>false</AlignLeft>
	</Label>
	<Label item="BW_Number8Label">
		<ScreenID>BW_Number8Label</ScreenID>
		<Font>2</Font>
		<RelativePosition>true</RelativePosition>
		<Location>
			<X>111</X>
			<Y>230</Y>
		</Location>
		<Size>
			<CX>26</CX>
			<CY>12</CY>
		</Size>
		<Text>9</Text>
		<TextColor>
			<R>175</R>
			<G>175</G>
			<B>175</B>
		</TextColor>
		<NoWrap>false</NoWrap>
		<AlignCenter>true</AlignCenter>
		<AlignRight>false</AlignRight>
		<AlignLeft>false</AlignLeft>
	</Label>
	<Label item="BW_Number9Label">
		<ScreenID>BW_Number9Label</ScreenID>
		<Font>2</Font>
		<RelativePosition>true</RelativePosition>
		<Location>
			<X>111</X>
			<Y>257</Y>
		</Location>
		<Size>
			<CX>26</CX>
			<CY>12</CY>
		</Size>
		<Text>10</Text>
		<TextColor>
			<R>175</R>
			<G>175</G>
			<B>175</B>
		</TextColor>
		<NoWrap>false</NoWrap>
		<AlignCenter>true</AlignCenter>
		<AlignRight>false</AlignRight>
		<AlignLeft>false</AlignLeft>
	</Label>
	<Label item="BW_Number10Label">
		<ScreenID>BW_Number10Label</ScreenID>
		<Font>2</Font>
		<RelativePosition>true</RelativePosition>
		<Location>
			<X>111</X>
			<Y>289</Y>
		</Location>
		<Size>
			<CX>26</CX>
			<CY>12</CY>
		</Size>
		<Text>11</Text>
		<TextColor>
			<R>175</R>
			<G>175</G>
			<B>175</B>
		</TextColor>
		<NoWrap>false</NoWrap>
		<AlignCenter>true</AlignCenter>
		<AlignRight>false</AlignRight>
		<AlignLeft>false</AlignLeft>
	</Label>
	<Label item="BW_Number11Label">
		<ScreenID>BW_Number11Label</ScreenID>
		<Font>2</Font>
		<RelativePosition>true</RelativePosition>
		<Location>
			<X>111</X>
			<Y>316</Y>
		</Location>
		<Size>
			<CX>26</CX>
			<CY>12</CY>
		</Size>
		<Text>12</Text>
		<TextColor>
			<R>175</R>
			<G>175</G>
			<B>175</B>
		</TextColor>
		<NoWrap>false</NoWrap>
		<AlignCenter>true</AlignCenter>
		<AlignRight>false</AlignRight>
		<AlignLeft>false</AlignLeft>
	</Label>
	<Label item="BW_Number12Label">
		<ScreenID>BW_Number12Label</ScreenID>
		<Font>2</Font>
		<RelativePosition>true</RelativePosition>
		<Location>
			<X>111</X>
			<Y>338</Y>
		</Location>
		<Size>
			<CX>26</CX>
			<CY>12</CY>
		</Size>
		<Text>13</Text>
		<TextColor>
			<R>175</R>
			<G>175</G>
			<B>175</B>
		</TextColor>
		<NoWrap>false</NoWrap>
		<AlignCenter>true</AlignCenter>
		<AlignRight>false</AlignRight>
		<AlignLeft>false</AlignLeft>
	</Label>
	<Label item="BW_Number13Label">
		<ScreenID>BW_Number13Label</ScreenID>
		<Font>2</Font>
		<RelativePosition>true</RelativePosition>
		<Location>
			<X>111</X>
			<Y>370</Y>
		</Location>
		<Size>
			<CX>26</CX>
			<CY>12</CY>
		</Size>
		<Text>14</Text>
		<TextColor>
			<R>175</R>
			<G>175</G>
			<B>175</B>
		</TextColor>
		<NoWrap>false</NoWrap>
		<AlignCenter>true</AlignCenter>
		<AlignRight>false</AlignRight>
		<AlignLeft>false</AlignLeft>
	</Label>
	<Label item="BW_Number14Label">
		<ScreenID>BW_Number14Label</ScreenID>
		<Font>2</Font>
		<RelativePosition>true</RelativePosition>
		<Location>
			<X>111</X>
			<Y>397</Y>
		</Location>
		<Size>
			<CX>26</CX>
			<CY>12</CY>
		</Size>
		<Text>15</Text>
		<TextColor>
			<R>175</R>
			<G>175</G>
			<B>175</B>
		</TextColor>
		<NoWrap>false</NoWrap>
		<AlignCenter>true</AlignCenter>
		<AlignRight>false</AlignRight>
		<AlignLeft>false</AlignLeft>
	</Label>

	<!-- Buff Icons -->
	<Button item="BW_Buff0_Button">
		<ScreenID>Buff0</ScreenID>
		<RelativePosition>true</RelativePosition>
		<Size>
			<CX>40</CX>
			<CY>26</CY>
		</Size>
		<ButtonDrawTemplate>
			<Normal>BlueIconBackground</Normal>
			<NormalDecal>BuffIcons</NormalDecal>
		</ButtonDrawTemplate>
		<DecalOffset>
			<X>9</X>
			<Y>0</Y>
		</DecalOffset>
		<DecalSize>
			<CX>26</CX>
			<CY>26</CY>
		</DecalSize>
	</Button>
	<Button item="BW_Buff1_Button">
		<ScreenID>Buff1</ScreenID>
		<RelativePosition>true</RelativePosition>
		<Size>
			<CX>40</CX>
			<CY>26</CY>
		</Size>
		<ButtonDrawTemplate>
			<Normal>BlueIconBackground</Normal>
			<NormalDecal>BuffIcons</NormalDecal>
		</ButtonDrawTemplate>
		<DecalOffset>
			<X>9</X>
			<Y>0</Y>
		</DecalOffset>
		<DecalSize>
			<CX>26</CX>
			<CY>26</CY>
		</DecalSize>
	</Button>
    <Button item="BW_Buff2_Button">
		<ScreenID>Buff2</ScreenID>
		<RelativePosition>true</RelativePosition>
		<Size>
			<CX>40</CX>
			<CY>26</CY>
		</Size>
		<ButtonDrawTemplate>
			<Normal>BlueIconBackground</Normal>
			<NormalDecal>BuffIcons</NormalDecal>
		</ButtonDrawTemplate>
		<DecalOffset>
			<X>9</X>
			<Y>0</Y>
		</DecalOffset>
		<DecalSize>
			<CX>26</CX>
			<CY>26</CY>
		</DecalSize>
	</Button>
	<Button item="BW_Buff3_Button">
		<ScreenID>Buff3</ScreenID>
		<RelativePosition>true</RelativePosition>
		<Size>
			<CX>40</CX>
			<CY>26</CY>
		</Size>
		<ButtonDrawTemplate>
			<Normal>BlueIconBackground</Normal>
			<NormalDecal>BuffIcons</NormalDecal>
		</ButtonDrawTemplate>
		<DecalOffset>
			<X>9</X>
			<Y>0</Y>
		</DecalOffset>
		<DecalSize>
			<CX>26</CX>
			<CY>26</CY>
		</DecalSize>
	</Button>
	<Button item="BW_Buff4_Button">
		<ScreenID>Buff4</ScreenID>
		<RelativePosition>true</RelativePosition>
		<Size>
			<CX>40</CX>
			<CY>26</CY>
		</Size>
		<ButtonDrawTemplate>
			<Normal>BlueIconBackground</Normal>
			<NormalDecal>BuffIcons</NormalDecal>
		</ButtonDrawTemplate>
		<DecalOffset>
			<X>9</X>
			<Y>0</Y>
		</DecalOffset>
		<DecalSize>
			<CX>26</CX>
			<CY>26</CY>
		</DecalSize>
	</Button>
	<Button item="BW_Buff5_Button">
		<ScreenID>Buff5</ScreenID>
		<RelativePosition>true</RelativePosition>
		<Size>
			<CX>40</CX>
			<CY>26</CY>
		</Size>
		<ButtonDrawTemplate>
			<Normal>BlueIconBackground</Normal>
			<NormalDecal>BuffIcons</NormalDecal>
		</ButtonDrawTemplate>
		<DecalOffset>
			<X>9</X>
			<Y>0</Y>
		</DecalOffset>
		<DecalSize>
			<CX>26</CX>
			<CY>26</CY>
		</DecalSize>
	</Button>
	<Button item="BW_Buff6_Button">
		<ScreenID>Buff6</ScreenID>
		<RelativePosition>true</RelativePosition>
		<Size>
			<CX>40</CX>
			<CY>26</CY>
		</Size>
		<ButtonDrawTemplate>
			<Normal>BlueIconBackground</Normal>
			<NormalDecal>BuffIcons</NormalDecal>
		</ButtonDrawTemplate>
		<DecalOffset>
			<X>9</X>
			<Y>0</Y>
		</DecalOffset>
		<DecalSize>
			<CX>26</CX>
			<CY>26</CY>
		</DecalSize>
	</Button>
	<Button item="BW_Buff7_Button">
		<ScreenID>Buff7</ScreenID>
		<RelativePosition>true</RelativePosition>
		<Size>
			<CX>40</CX>
			<CY>26</CY>
		</Size>
		<ButtonDrawTemplate>
			<Normal>BlueIconBackground</Normal>
			<NormalDecal>BuffIcons</NormalDecal>
		</ButtonDrawTemplate>
		<DecalOffset>
			<X>9</X>
			<Y>0</Y>
		</DecalOffset>
		<DecalSize>
			<CX>26</CX>
			<CY>26</CY>
		</DecalSize>
	</Button>
	<Button item="BW_Buff8_Button">
		<ScreenID>Buff8</ScreenID>
		<RelativePosition>true</RelativePosition>
		<Size>
			<CX>40</CX>
			<CY>26</CY>
		</Size>
		<ButtonDrawTemplate>
			<Normal>BlueIconBackground</Normal>
			<NormalDecal>BuffIcons</NormalDecal>
		</ButtonDrawTemplate>
		<DecalOffset>
			<X>9</X>
			<Y>0</Y>
		</DecalOffset>
		<DecalSize>
			<CX>26</CX>
			<CY>26</CY>
		</DecalSize>
	</Button>
	<Button item="BW_Buff9_Button">
		<ScreenID>Buff9</ScreenID>
		<RelativePosition>true</RelativePosition>
		<Size>
			<CX>40</CX>
			<CY>26</CY>
		</Size>
		<ButtonDrawTemplate>
			<Normal>BlueIconBackground</Normal>
			<NormalDecal>BuffIcons</NormalDecal>
		</ButtonDrawTemplate>
		<DecalOffset>
			<X>9</X>
			<Y>0</Y>
		</DecalOffset>
		<DecalSize>
			<CX>26</CX>
			<CY>26</CY>
		</DecalSize>
	</Button>
	<Button item="BW_Buff10_Button">
		<ScreenID>Buff10</ScreenID>
		<RelativePosition>true</RelativePosition>
		<Size>
			<CX>40</CX>
			<CY>26</CY>
		</Size>
		<ButtonDrawTemplate>
			<Normal>BlueIconBackground</Normal>
			<NormalDecal>BuffIcons</NormalDecal>
		</ButtonDrawTemplate>
		<DecalOffset>
			<X>9</X>
			<Y>0</Y>
		</DecalOffset>
		<DecalSize>
			<CX>26</CX>
			<CY>26</CY>
		</DecalSize>
	</Button>
	<Button item="BW_Buff11_Button">
		<ScreenID>Buff11</ScreenID>
		<RelativePosition>true</RelativePosition>
		<Size>
			<CX>40</CX>
			<CY>26</CY>
		</Size>
		<ButtonDrawTemplate>
			<Normal>BlueIconBackground</Normal>
			<NormalDecal>BuffIcons</NormalDecal>
		</ButtonDrawTemplate>
		<DecalOffset>
			<X>9</X>
			<Y>0</Y>
		</DecalOffset>
		<DecalSize>
			<CX>26</CX>
			<CY>26</CY>
		</DecalSize>
	</Button>
	<Button item="BW_Buff12_Button">
		<ScreenID>Buff12</ScreenID>
		<RelativePosition>true</RelativePosition>
		<Size>
			<CX>40</CX>
			<CY>26</CY>
		</Size>
		<ButtonDrawTemplate>
			<Normal>BlueIconBackground</Normal>
			<NormalDecal>BuffIcons</NormalDecal>
		</ButtonDrawTemplate>
		<DecalOffset>
			<X>9</X>
			<Y>0</Y>
		</DecalOffset>
		<DecalSize>
			<CX>26</CX>
			<CY>26</CY>
		</DecalSize>
	</Button>
	<Button item="BW_Buff13_Button">
		<ScreenID>Buff13</ScreenID>
		<RelativePosition>true</RelativePosition>
		<Size>
			<CX>40</CX>
			<CY>26</CY>
		</Size>
		<ButtonDrawTemplate>
			<Normal>BlueIconBackground</Normal>
			<NormalDecal>BuffIcons</NormalDecal>
		</ButtonDrawTemplate>
		<DecalOffset>
			<X>9</X>
			<Y>0</Y>
		</DecalOffset>
		<DecalSize>
			<CX>26</CX>
			<CY>26</CY>
		</DecalSize>
	</Button>
	<Button item="BW_Buff14_Button">
		<ScreenID>Buff14</ScreenID>
		<RelativePosition>true</RelativePosition>
		<Size>
			<CX>40</CX>
			<CY>26</CY>
		</Size>
		<ButtonDrawTemplate>
			<Normal>BlueIconBackground</Normal>
			<NormalDecal>BuffIcons</NormalDecal>
		</ButtonDrawTemplate>
		<DecalOffset>
			<X>9</X>
			<Y>0</Y>
		</DecalOffset>
		<DecalSize>
			<CX>26</CX>
			<CY>26</CY>
		</DecalSize>
	</Button>

	<Screen item="BW_Buff0">
		<RelativePosition>true</RelativePosition>
		<Location>
			<X>3</X>
			<Y>3</Y>
		</Location>
		<Size>
			<CX>134</CX>
			<CY>27</CY>
		</Size>
		<Style_Transparent>true</Style_Transparent>
		<Pieces>BW_Buff0_Button</Pieces>
	</Screen>
	<Screen item="BW_Buff1">
		<RelativePosition>true</RelativePosition>
		<Location>
			<X>3</X>
			<Y>3</Y>
		</Location>
		<Size>
			<CX>134</CX>
			<CY>54</CY>
		</Size>
		<Style_Transparent>true</Style_Transparent>
		<Pieces>BW_Buff1_Button</Pieces>
	</Screen>
	<Screen item="BW_Buff2">
		<RelativePosition>true</RelativePosition>
		<Location>
			<X>3</X>
			<Y>3</Y>
		</Location>
		<Size>
			<CX>134</CX>
			<CY>81</CY>
		</Size>
		<Style_Transparent>true</Style_Transparent>
		<Pieces>BW_Buff2_Button</Pieces>
	</Screen>
	<Screen item="BW_Buff3">
		<RelativePosition>true</RelativePosition>
		<Location>
			<X>3</X>
			<Y>3</Y>
		</Location>
		<Size>
			<CX>134</CX>
			<CY>108</CY>
		</Size>
		<Style_Transparent>true</Style_Transparent>
		<Pieces>BW_Buff3_Button</Pieces>
	</Screen>
	<Screen item="BW_Buff4">
		<RelativePosition>true</RelativePosition>
		<Location>
			<X>3</X>
			<Y>3</Y>
		</Location>
		<Size>
			<CX>134</CX>
			<CY>135</CY>
		</Size>
		<Style_Transparent>true</Style_Transparent>
		<Pieces>BW_Buff4_Button</Pieces>
	</Screen>
	<Screen item="BW_Buff5">
		<RelativePosition>true</RelativePosition>
		<Location>
			<X>3</X>
			<Y>8</Y>
		</Location>
		<Size>
			<CX>134</CX>
			<CY>167</CY>
		</Size>
		<Style_Transparent>true</Style_Transparent>
		<Pieces>BW_Buff5_Button</Pieces>
	</Screen>
	<Screen item="BW_Buff6">
		<RelativePosition>true</RelativePosition>
		<Location>
			<X>3</X>
			<Y>8</Y>
		</Location>
		<Size>
			<CX>134</CX>
			<CY>194</CY>
		</Size>
		<Style_Transparent>true</Style_Transparent>
		<Pieces>BW_Buff6_Button</Pieces>
	</Screen>
	<Screen item="BW_Buff7">
		<RelativePosition>true</RelativePosition>
		<Location>
			<X>3</X>
			<Y>8</Y>
		</Location>
		<Size>
			<CX>134</CX>
			<CY>221</CY>
		</Size>
		<Style_Transparent>true</Style_Transparent>
		<Pieces>BW_Buff7_Button</Pieces>
	</Screen>
	<Screen item="BW_Buff8">
		<RelativePosition>true</RelativePosition>
		<Location>
			<X>3</X>
			<Y>8</Y>
		</Location>
		<Size>
			<CX>134</CX>
			<CY>248</CY>
		</Size>
		<Style_Transparent>true</Style_Transparent>
		<Pieces>BW_Buff8_Button</Pieces>
	</Screen>
	<Screen item="BW_Buff9">
		<RelativePosition>true</RelativePosition>
		<Location>
			<X>3</X>
			<Y>8</Y>
		</Location>
		<Size>
			<CX>134</CX>
			<CY>275</CY>
		</Size>
		<Style_Transparent>true</Style_Transparent>
		<Pieces>BW_Buff9_Button</Pieces>
	</Screen>
	<Screen item="BW_Buff10">
		<RelativePosition>true</RelativePosition>
		<Location>
			<X>3</X>
			<Y>13</Y>
		</Location>
		<Size>
			<CX>134</CX>
			<CY>307</CY>
		</Size>
		<Style_Transparent>true</Style_Transparent>
		<Pieces>BW_Buff10_Button</Pieces>
	</Screen>
	<Screen item="BW_Buff11">
		<RelativePosition>true</RelativePosition>
		<Location>
			<X>3</X>
			<Y>13</Y>
		</Location>
		<Size>
			<CX>134</CX>
			<CY>334</CY>
		</Size>
		<Style_Transparent>true</Style_Transparent>
		<Pieces>BW_Buff11_Button</Pieces>
	</Screen>
	<Screen item="BW_Buff12">
		<RelativePosition>true</RelativePosition>
		<Location>
			<X>3</X>
			<Y>13</Y>
		</Location>
		<Size>
			<CX>134</CX>
			<CY>361</CY>
		</Size>
		<Style_Transparent>true</Style_Transparent>
		<Pieces>BW_Buff12_Button</Pieces>
	</Screen>
	<Screen item="BW_Buff13">
		<RelativePosition>true</RelativePosition>
		<Location>
			<X>3</X>
			<Y>13</Y>
		</Location>
		<Size>
			<CX>134</CX>
			<CY>388</CY>
		</Size>
		<Style_Transparent>true</Style_Transparent>
		<Pieces>BW_Buff13_Button</Pieces>
	</Screen>
	<Screen item="BW_Buff14">
		<RelativePosition>true</RelativePosition>
		<Location>
			<X>3</X>
			<Y>13</Y>
		</Location>
		<Size>
			<CX>134</CX>
			<CY>415</CY>
		</Size>
		<Style_Transparent>true</Style_Transparent>
		<Pieces>BW_Buff14_Button</Pieces>
	</Screen>

	<!-- Buff Labels -->
	<Label item="BW_Buff0_Label">
		<ScreenID>Buff0Label</ScreenID>
		<EQType>45</EQType>
		<Font>2</Font>
		<RelativePosition>true</RelativePosition>
		<Location>
			<X>5</X>
			<Y>4</Y>
		</Location>
		<Size>
			<CX>95</CX>
			<CY>16</CY>
		</Size>
		<Text />
		<TextColor>
			<R>240</R>
			<G>240</G>
			<B>240</B>
		</TextColor>
		<NoWrap>false</NoWrap>
		<AlignCenter>true</AlignCenter>
		<AlignRight>false</AlignRight>
		<AlignLeft>false</AlignLeft>
	</Label>
	<Label item="BW_Buff0_LabelBG">
		<ScreenID>Buff0Label</ScreenID>
		<EQType>45</EQType>
		<Font>2</Font>
		<RelativePosition>true</RelativePosition>
		<Location>
			<X>6</X>
			<Y>5</Y>
		</Location>
		<Size>
			<CX>95</CX>
			<CY>16</CY>
		</Size>
		<Text />
		<TextColor>
			<R>0</R>
			<G>0</G>
			<B>0</B>
		</TextColor>
		<NoWrap>false</NoWrap>
		<AlignCenter>true</AlignCenter>
		<AlignRight>false</AlignRight>
		<AlignLeft>false</AlignLeft>
	</Label>
	<Label item="BW_Buff1_Label">
		<ScreenID>Buff1Label</ScreenID>
		<EQType>46</EQType>
		<Font>2</Font>
		<RelativePosition>true</RelativePosition>
		<Location>
			<X>5</X>
			<Y>31</Y>
		</Location>
		<Size>
			<CX>95</CX>
			<CY>16</CY>
		</Size>
		<Text />
		<TextColor>
			<R>240</R>
			<G>240</G>
			<B>240</B>
		</TextColor>
		<NoWrap>false</NoWrap>
		<AlignCenter>true</AlignCenter>
		<AlignRight>false</AlignRight>
		<AlignLeft>false</AlignLeft>
	</Label>
	<Label item="BW_Buff1_LabelBG">
		<ScreenID>Buff1Label</ScreenID>
		<EQType>46</EQType>
 		<Font>2</Font>
		<RelativePosition>true</RelativePosition>
		<Location>
			<X>6</X>
			<Y>32</Y>
		</Location>
		<Size>
			<CX>95</CX>
			<CY>16</CY>
		</Size>
		<Text />
		<TextColor>
			<R>0</R>
			<G>0</G>
			<B>0</B>
		</TextColor>
		<NoWrap>false</NoWrap>
		<AlignCenter>true</AlignCenter>
		<AlignRight>false</AlignRight>
		<AlignLeft>false</AlignLeft>
	</Label>
	<Label item="BW_Buff2_Label">
		<ScreenID>Buff2Label</ScreenID>
		<EQType>47</EQType>
		<Font>2</Font>
		<RelativePosition>true</RelativePosition>
		<Location>
			<X>5</X>
			<Y>58</Y>
		</Location>
		<Size>
			<CX>95</CX>
			<CY>16</CY>
		</Size>
		<Text />
		<TextColor>
			<R>240</R>
			<G>240</G>
			<B>240</B>
		</TextColor>
		<NoWrap>false</NoWrap>
		<AlignCenter>true</AlignCenter>
		<AlignRight>false</AlignRight>
		<AlignLeft>false</AlignLeft>
	</Label>
	<Label item="BW_Buff2_LabelBG">
		<ScreenID>Buff2Label</ScreenID>
		<EQType>47</EQType>
 		<Font>2</Font>
		<RelativePosition>true</RelativePosition>
		<Location>
			<X>6</X>
			<Y>59</Y>
		</Location>
		<Size>
			<CX>95</CX>
			<CY>16</CY>
		</Size>
		<Text />
		<TextColor>
			<R>0</R>
			<G>0</G>
			<B>0</B>
		</TextColor>
		<NoWrap>false</NoWrap>
		<AlignCenter>true</AlignCenter>
		<AlignRight>false</AlignRight>
		<AlignLeft>false</AlignLeft>
	</Label>
	<Label item="BW_Buff3_Label">
		<ScreenID>Buff3Label</ScreenID>
		<EQType>48</EQType>
		<Font>2</Font>
		<RelativePosition>true</RelativePosition>
		<Location>
			<X>5</X>
			<Y>85</Y>
		</Location>
		<Size>
			<CX>95</CX>
			<CY>16</CY>
		</Size>
		<Text />
		<TextColor>
			<R>240</R>
			<G>240</G>
			<B>240</B>
		</TextColor>
		<NoWrap>false</NoWrap>
		<AlignCenter>true</AlignCenter>
		<AlignRight>false</AlignRight>
		<AlignLeft>false</AlignLeft>
	</Label>
	<Label item="BW_Buff3_LabelBG">
		<ScreenID>Buff3Label</ScreenID>
		<EQType>48</EQType>
 		<Font>2</Font>
		<RelativePosition>true</RelativePosition>
		<Location>
			<X>6</X>
			<Y>86</Y>
		</Location>
		<Size>
			<CX>95</CX>
			<CY>16</CY>
		</Size>
		<Text />
		<TextColor>
			<R>0</R>
			<G>0</G>
			<B>0</B>
		</TextColor>
		<NoWrap>false</NoWrap>
		<AlignCenter>true</AlignCenter>
		<AlignRight>false</AlignRight>
		<AlignLeft>false</AlignLeft>
	</Label>
	<Label item="BW_Buff4_Label">
		<ScreenID>Buff4Label</ScreenID>
		<EQType>49</EQType>
		<Font>2</Font>
		<RelativePosition>true</RelativePosition>
		<Location>
			<X>5</X>
			<Y>112</Y>
		</Location>
 		<Size>
			<CX>95</CX>
			<CY>16</CY>
		</Size>
		<Text />
		<TextColor>
			<R>240</R>
			<G>240</G>
			<B>240</B>
		</TextColor>
		<NoWrap>false</NoWrap>
		<AlignCenter>true</AlignCenter>
		<AlignRight>false</AlignRight>
		<AlignLeft>false</AlignLeft>
	</Label>
	<Label item="BW_Buff4_LabelBG">
		<ScreenID>Buff4Label</ScreenID>
		<EQType>49</EQType>
 		<Font>2</Font>
		<RelativePosition>true</RelativePosition>
		<Location>
			<X>6</X>
			<Y>113</Y>
		</Location>
		<Size>
			<CX>95</CX>
			<CY>16</CY>
		</Size>
		<Text />
		<TextColor>
			<R>0</R>
			<G>0</G>
			<B>0</B>
		</TextColor>
		<NoWrap>false</NoWrap>
		<AlignCenter>true</AlignCenter>
		<AlignRight>false</AlignRight>
		<AlignLeft>false</AlignLeft>
	</Label>
	<Label item="BW_Buff5_Label">
		<ScreenID>Buff5Label</ScreenID>
		<EQType>50</EQType>
		<Font>2</Font>
		<RelativePosition>true</RelativePosition>
		<Location>
			<X>5</X>
			<Y>144</Y>
		</Location>
		<Size>
			<CX>95</CX>
			<CY>16</CY>
		</Size>
		<Text />
		<TextColor>
			<R>240</R>
			<G>240</G>
			<B>240</B>
		</TextColor>
		<NoWrap>false</NoWrap>
		<AlignCenter>true</AlignCenter>
		<AlignRight>false</AlignRight>
		<AlignLeft>false</AlignLeft>
	</Label>
	<Label item="BW_Buff5_LabelBG">
		<ScreenID>Buff5Label</ScreenID>
		<EQType>50</EQType>
 		<Font>2</Font>
		<RelativePosition>true</RelativePosition>
		<Location>
			<X>6</X>
			<Y>145</Y>
		</Location>
		<Size>
			<CX>95</CX>
			<CY>16</CY>
		</Size>
		<Text />
		<TextColor>
			<R>0</R>
			<G>0</G>
			<B>0</B>
		</TextColor>
		<NoWrap>false</NoWrap>
		<AlignCenter>true</AlignCenter>
		<AlignRight>false</AlignRight>
		<AlignLeft>false</AlignLeft>
	</Label>
	<Label item="BW_Buff6_Label">
		<ScreenID>Buff6Label</ScreenID>
		<EQType>51</EQType>
		<Font>2</Font>
		<RelativePosition>true</RelativePosition>
		<Location>
			<X>5</X>
			<Y>171</Y>
		</Location>
		<Size>
			<CX>95</CX>
			<CY>16</CY>
		</Size>
		<Text />
		<TextColor>
			<R>240</R>
			<G>240</G>
			<B>240</B>
		</TextColor>
		<NoWrap>false</NoWrap>
		<AlignCenter>true</AlignCenter>
		<AlignRight>false</AlignRight>
		<AlignLeft>false</AlignLeft>
	</Label>
	<Label item="BW_Buff6_LabelBG">
		<ScreenID>Buff6Label</ScreenID>
		<EQType>51</EQType>
 		<Font>2</Font>
		<RelativePosition>true</RelativePosition>
		<Location>
			<X>6</X>
			<Y>172</Y>
		</Location>
		<Size>
			<CX>95</CX>
			<CY>16</CY>
		</Size>
		<Text />
		<TextColor>
			<R>0</R>
			<G>0</G>
			<B>0</B>
		</TextColor>
		<NoWrap>false</NoWrap>
		<AlignCenter>true</AlignCenter>
		<AlignRight>false</AlignRight>
		<AlignLeft>false</AlignLeft>
	</Label>
	<Label item="BW_Buff7_Label">
		<ScreenID>Buff7Label</ScreenID>
		<EQType>52</EQType>
		<Font>2</Font>
		<RelativePosition>true</RelativePosition>
		<Location>
			<X>5</X>
			<Y>198</Y>
		</Location>
		<Size>
			<CX>95</CX>
			<CY>16</CY>
		</Size>
		<Text />
		<TextColor>
			<R>240</R>
			<G>240</G>
			<B>240</B>
		</TextColor>
		<NoWrap>false</NoWrap>
		<AlignCenter>true</AlignCenter>
		<AlignRight>false</AlignRight>
		<AlignLeft>false</AlignLeft>
	</Label>
	<Label item="BW_Buff7_LabelBG">
		<ScreenID>Buff7Label</ScreenID>
		<EQType>52</EQType>
 		<Font>2</Font>
		<RelativePosition>true</RelativePosition>
		<Location>
			<X>6</X>
			<Y>199</Y>
		</Location>
		<Size>
			<CX>95</CX>
			<CY>16</CY>
		</Size>
		<Text />
		<TextColor>
			<R>0</R>
			<G>0</G>
			<B>0</B>
		</TextColor>
		<NoWrap>false</NoWrap>
		<AlignCenter>true</AlignCenter>
		<AlignRight>false</AlignRight>
		<AlignLeft>false</AlignLeft>
	</Label>
	<Label item="BW_Buff8_Label">
		<ScreenID>Buff8Label</ScreenID>
		<EQType>53</EQType>
		<Font>2</Font>
		<RelativePosition>true</RelativePosition>
		<Location>
			<X>5</X>
			<Y>225</Y>
		</Location>
		<Size>
			<CX>95</CX>
			<CY>16</CY>
		</Size>
		<Text />
		<TextColor>
			<R>240</R>
			<G>240</G>
			<B>240</B>
		</TextColor>
		<NoWrap>false</NoWrap>
		<AlignCenter>true</AlignCenter>
		<AlignRight>false</AlignRight>
		<AlignLeft>false</AlignLeft>
	</Label>
	<Label item="BW_Buff8_LabelBG">
		<ScreenID>Buff8Label</ScreenID>
		<EQType>53</EQType>
 		<Font>2</Font>
		<RelativePosition>true</RelativePosition>
		<Location>
			<X>6</X>
			<Y>226</Y>
		</Location>
		<Size>
			<CX>95</CX>
			<CY>16</CY>
		</Size>
		<Text />
		<TextColor>
			<R>0</R>
			<G>0</G>
			<B>0</B>
		</TextColor>
		<NoWrap>false</NoWrap>
		<AlignCenter>true</AlignCenter>
		<AlignRight>false</AlignRight>
		<AlignLeft>false</AlignLeft>
	</Label>
	<Label item="BW_Buff9_Label">
		<ScreenID>Buff9Label</ScreenID>
		<EQType>54</EQType>
		<Font>2</Font>
		<RelativePosition>true</RelativePosition>
		<Location>
			<X>5</X>
			<Y>252</Y>
		</Location>
		<Size>
			<CX>95</CX>
			<CY>16</CY>
		</Size>
		<Text />
		<TextColor>
			<R>240</R>
			<G>240</G>
			<B>240</B>
		</TextColor>
		<NoWrap>false</NoWrap>
		<AlignCenter>true</AlignCenter>
		<AlignRight>false</AlignRight>
		<AlignLeft>false</AlignLeft>
	</Label>
	<Label item="BW_Buff9_LabelBG">
		<ScreenID>Buff9Label</ScreenID>
		<EQType>54</EQType>
 		<Font>2</Font>
		<RelativePosition>true</RelativePosition>
		<Location>
			<X>6</X>
			<Y>253</Y>
		</Location>
		<Size>
			<CX>95</CX>
			<CY>16</CY>
		</Size>
		<Text />
		<TextColor>
			<R>0</R>
			<G>0</G>
			<B>0</B>
		</TextColor>
		<NoWrap>false</NoWrap>
		<AlignCenter>true</AlignCenter>
		<AlignRight>false</AlignRight>
		<AlignLeft>false</AlignLeft>
	</Label>
	<Label item="BW_Buff10_Label">
		<ScreenID>Buff10Label</ScreenID>
		<EQType>55</EQType>
		<Font>2</Font>
		<RelativePosition>true</RelativePosition>
		<Location>
			<X>5</X>
			<Y>284</Y>
		</Location>
		<Size>
			<CX>95</CX>
			<CY>16</CY>
		</Size>
		<Text />
		<TextColor>
			<R>240</R>
			<G>240</G>
			<B>240</B>
		</TextColor>
		<NoWrap>false</NoWrap>
		<AlignCenter>true</AlignCenter>
		<AlignRight>false</AlignRight>
		<AlignLeft>false</AlignLeft>
	</Label>
	<Label item="BW_Buff10_LabelBG">
		<ScreenID>Buff10Label</ScreenID>
		<EQType>55</EQType>
 		<Font>2</Font>
		<RelativePosition>true</RelativePosition>
		<Location>
			<X>6</X>
			<Y>285</Y>
		</Location>
		<Size>
			<CX>95</CX>
			<CY>16</CY>
		</Size>
		<Text />
		<TextColor>
			<R>0</R>
			<G>0</G>
			<B>0</B>
		</TextColor>
		<NoWrap>false</NoWrap>
		<AlignCenter>true</AlignCenter>
		<AlignRight>false</AlignRight>
		<AlignLeft>false</AlignLeft>
	</Label>
	<Label item="BW_Buff11_Label">
		<ScreenID>Buff11Label</ScreenID>
		<EQType>56</EQType>
		<Font>2</Font>
		<RelativePosition>true</RelativePosition>
		<Location>
			<X>5</X>
			<Y>311</Y>
		</Location>
		<Size>
			<CX>95</CX>
			<CY>16</CY>
		</Size>
		<Text />
		<TextColor>
			<R>240</R>
			<G>240</G>
			<B>240</B>
		</TextColor>
		<NoWrap>false</NoWrap>
		<AlignCenter>true</AlignCenter>
		<AlignRight>false</AlignRight>
		<AlignLeft>false</AlignLeft>
	</Label>
	<Label item="BW_Buff11_LabelBG">
		<ScreenID>Buff11Label</ScreenID>
		<EQType>56</EQType>
 		<Font>2</Font>
		<RelativePosition>true</RelativePosition>
		<Location>
			<X>6</X>
			<Y>312</Y>
		</Location>
		<Size>
			<CX>95</CX>
			<CY>16</CY>
		</Size>
		<Text />
		<TextColor>
			<R>0</R>
			<G>0</G>
			<B>0</B>
		</TextColor>
		<NoWrap>false</NoWrap>
		<AlignCenter>true</AlignCenter>
		<AlignRight>false</AlignRight>
		<AlignLeft>false</AlignLeft>
	</Label>
	<Label item="BW_Buff12_Label">
		<ScreenID>Buff12Label</ScreenID>
		<EQType>57</EQType>
		<Font>2</Font>
		<RelativePosition>true</RelativePosition>
		<Location>
			<X>5</X>
			<Y>338</Y>
		</Location>
		<Size>
			<CX>95</CX>
			<CY>16</CY>
		</Size>
		<Text />
		<TextColor>
			<R>240</R>
			<G>240</G>
			<B>240</B>
		</TextColor>
		<NoWrap>false</NoWrap>
		<AlignCenter>true</AlignCenter>
		<AlignRight>false</AlignRight>
		<AlignLeft>false</AlignLeft>
	</Label>
	<Label item="BW_Buff12_LabelBG">
		<ScreenID>Buff12Label</ScreenID>
		<EQType>57</EQType>
 		<Font>2</Font>
		<RelativePosition>true</RelativePosition>
		<Location>
			<X>6</X>
			<Y>339</Y>
		</Location>
		<Size>
			<CX>95</CX>
			<CY>16</CY>
		</Size>
		<Text />
		<TextColor>
			<R>0</R>
			<G>0</G>
			<B>0</B>
		</TextColor>
		<NoWrap>false</NoWrap>
		<AlignCenter>true</AlignCenter>
		<AlignRight>false</AlignRight>
		<AlignLeft>false</AlignLeft>
	</Label>
	<Label item="BW_Buff13_Label">
		<ScreenID>Buff13Label</ScreenID>
		<EQType>58</EQType>
		<Font>2</Font>
		<RelativePosition>true</RelativePosition>
		<Location>
			<X>5</X>
			<Y>365</Y>
		</Location>
		<Size>
			<CX>95</CX>
			<CY>16</CY>
		</Size>
		<Text />
		<TextColor>
			<R>240</R>
			<G>240</G>
			<B>240</B>
		</TextColor>
		<NoWrap>false</NoWrap>
		<AlignCenter>true</AlignCenter>
		<AlignRight>false</AlignRight>
		<AlignLeft>false</AlignLeft>
	</Label>
	<Label item="BW_Buff13_LabelBG">
		<ScreenID>Buff13Label</ScreenID>
		<EQType>58</EQType>
 		<Font>2</Font>
		<RelativePosition>true</RelativePosition>
		<Location>
			<X>6</X>
			<Y>366</Y>
		</Location>
		<Size>
			<CX>95</CX>
			<CY>16</CY>
		</Size>
		<Text />
		<TextColor>
			<R>0</R>
			<G>0</G>
			<B>0</B>
		</TextColor>
		<NoWrap>false</NoWrap>
		<AlignCenter>true</AlignCenter>
		<AlignRight>false</AlignRight>
		<AlignLeft>false</AlignLeft>
	</Label>
	<Label item="BW_Buff14_Label">
		<ScreenID>Buff14Label</ScreenID>
		<EQType>59</EQType>
		<Font>2</Font>
		<RelativePosition>true</RelativePosition>
		<Location>
			<X>5</X>
			<Y>392</Y>
		</Location>
		<Size>
			<CX>95</CX>
			<CY>16</CY>
		</Size>
		<Text />
		<TextColor>
			<R>240</R>
			<G>240</G>
			<B>240</B>
		</TextColor>
		<NoWrap>false</NoWrap>
		<AlignCenter>true</AlignCenter>
		<AlignRight>false</AlignRight>
		<AlignLeft>false</AlignLeft>
	</Label>
	<Label item="BW_Buff14_LabelBG">
		<ScreenID>Buff14Label</ScreenID>
		<EQType>59</EQType>
 		<Font>2</Font>
		<RelativePosition>true</RelativePosition>
		<Location>
			<X>6</X>
			<Y>393</Y>
		</Location>
		<Size>
			<CX>95</CX>
			<CY>16</CY>
		</Size>
		<Text />
		<TextColor>
			<R>0</R>
			<G>0</G>
			<B>0</B>
		</TextColor>
		<NoWrap>false</NoWrap>
		<AlignCenter>true</AlignCenter>
		<AlignRight>false</AlignRight>
		<AlignLeft>false</AlignLeft>
	</Label>

	<!--******************************************-->
	<Screen item="BuffWindow">
		<RelativePosition>false</RelativePosition>
		<Location>
			<X>415</X>
			<Y>395</Y>
		</Location>
		<Size>
			<CX>140</CX>
			<CY>420</CY>
		</Size>
		<Text>Effects</Text>
		<Style_VScroll>false</Style_VScroll>
		<Style_HScroll>false</Style_HScroll>
		<Style_Transparent>false</Style_Transparent>
		<TooltipReference/>
		<DrawTemplate>WDT_RoundedNoTitle</DrawTemplate>
		<Style_Titlebar>false</Style_Titlebar>
		<Style_Closebox>false</Style_Closebox>
		<Style_Minimizebox>false</Style_Minimizebox>
		<Style_Border>false</Style_Border>
		<Style_Sizable>false</Style_Sizable>
		<!-- Phorm Background -->
		<Pieces>phorm_BuffWindow</Pieces>
		<!-- Buff Slot Labels -->
		<Pieces>BW_Number0Label</Pieces>
		<Pieces>BW_Number1Label</Pieces>
		<Pieces>BW_Number2Label</Pieces>
		<Pieces>BW_Number3Label</Pieces>
		<Pieces>BW_Number4Label</Pieces>
		<Pieces>BW_Number5Label</Pieces>
		<Pieces>BW_Number6Label</Pieces>
		<Pieces>BW_Number7Label</Pieces>
		<Pieces>BW_Number8Label</Pieces>
		<Pieces>BW_Number9Label</Pieces>
		<Pieces>BW_Number10Label</Pieces>
		<Pieces>BW_Number11Label</Pieces>
		<Pieces>BW_Number12Label</Pieces>
		<Pieces>BW_Number13Label</Pieces>
		<Pieces>BW_Number14Label</Pieces>
		<!-- Buff Icons -->
		<Pieces>BW_Buff14</Pieces>
		<Pieces>BW_Buff13</Pieces>
		<Pieces>BW_Buff12</Pieces>
		<Pieces>BW_Buff11</Pieces>
		<Pieces>BW_Buff10</Pieces>
		<Pieces>BW_Buff9</Pieces>
		<Pieces>BW_Buff8</Pieces>
		<Pieces>BW_Buff7</Pieces>
		<Pieces>BW_Buff6</Pieces>
		<Pieces>BW_Buff5</Pieces>
		<Pieces>BW_Buff4</Pieces>
		<Pieces>BW_Buff3</Pieces>
		<Pieces>BW_Buff2</Pieces>
		<Pieces>BW_Buff1</Pieces>
		<Pieces>BW_Buff0</Pieces>
		<!-- Buff Labels -->
		<Pieces>BW_Buff0_LabelBG</Pieces>
		<Pieces>BW_Buff1_LabelBG</Pieces>
		<Pieces>BW_Buff2_LabelBG</Pieces>
		<Pieces>BW_Buff3_LabelBG</Pieces>
		<Pieces>BW_Buff4_LabelBG</Pieces>
		<Pieces>BW_Buff5_LabelBG</Pieces>
		<Pieces>BW_Buff6_LabelBG</Pieces>
		<Pieces>BW_Buff7_LabelBG</Pieces>
		<Pieces>BW_Buff8_LabelBG</Pieces>
		<Pieces>BW_Buff9_LabelBG</Pieces>
		<Pieces>BW_Buff10_LabelBG</Pieces>
		<Pieces>BW_Buff11_LabelBG</Pieces>
		<Pieces>BW_Buff12_LabelBG</Pieces>
		<Pieces>BW_Buff13_LabelBG</Pieces>
		<Pieces>BW_Buff14_LabelBG</Pieces>
		<Pieces>BW_Buff0_Label</Pieces>
		<Pieces>BW_Buff1_Label</Pieces>
		<Pieces>BW_Buff2_Label</Pieces>
		<Pieces>BW_Buff3_Label</Pieces>
		<Pieces>BW_Buff4_Label</Pieces>
		<Pieces>BW_Buff5_Label</Pieces>
		<Pieces>BW_Buff6_Label</Pieces>
		<Pieces>BW_Buff7_Label</Pieces>
		<Pieces>BW_Buff8_Label</Pieces>
		<Pieces>BW_Buff9_Label</Pieces>
		<Pieces>BW_Buff10_Label</Pieces>
		<Pieces>BW_Buff11_Label</Pieces>
		<Pieces>BW_Buff12_Label</Pieces>
		<Pieces>BW_Buff13_Label</Pieces>
		<Pieces>BW_Buff14_Label</Pieces>
	</Screen>
</XML>