<?xml version="1.0" encoding="us-ascii"?>
<XML ID="EQInterfaceDefinitionLanguage">
	<Schema xmlns="EverQuestData" xmlns:dt="EverQuestDataTypes" />
	<!-- Phorm Background -->
	<TextureInfo item="phorm_PetInfoWindow.tga">
		<Size>
			<CX>256</CX>
			<CY>128</CY>
		</Size>
	</TextureInfo>
	<Ui2DAnimation item="phorm_PetInfoWindow">
		<Frames>
			<Texture>phorm_PetInfoWindow.tga</Texture>
			<Location>
				<X>0</X>
				<Y>0</Y>
			</Location>
			<Size>
				<CX>140</CX>
				<CY>100</CY>
			</Size>
			<Hotspot>
				<X>0</X>
				<Y>0</Y>
			</Hotspot>
		</Frames>
	</Ui2DAnimation>
	<StaticAnimation item="phorm_PetInfoWindow">
		<ScreenID>phorm_PetInfoWindow</ScreenID>
		<RelativePosition>true</RelativePosition>
			<Location>
				<X>0</X>
				<Y>0</Y>
			</Location>
			<Size>
				<CX>140</CX>
				<CY>100</CY>
			</Size>
		<Animation>phorm_PetInfoWindow</Animation>
	</StaticAnimation>
	<!-- Pet HP Gauge -->
	<Ui2DAnimation item="PetW_GaugeFill1">
		<Cycle>true</Cycle>
		<Frames>
			<Texture>dzbars.png</Texture>
			<Location>
				<X>-1998</X>
				<Y>0</Y>
			</Location>
			<Size>
				<CX>10000</CX>
				<CY>20</CY>
			</Size>
			<Hotspot>
				<X>0</X>
				<Y>0</Y>
			</Hotspot>
			<Duration>1000</Duration>
		</Frames>
	</Ui2DAnimation>
	<Ui2DAnimation item="PetW_GaugeFill2">
		<Cycle>true</Cycle>
		<Frames>
			<Texture>dzbars.png</Texture>
			<Location>
				<X>-3998</X>
				<Y>0</Y>
			</Location>
			<Size>
				<CX>10000</CX>
				<CY>20</CY>
			</Size>
			<Hotspot>
				<X>0</X>
				<Y>0</Y>
			</Hotspot>
			<Duration>1000</Duration>
		</Frames>
	</Ui2DAnimation>
	<Ui2DAnimation item="PetW_GaugeFill3">
		<Cycle>true</Cycle>
		<Frames>
			<Texture>dzbars.png</Texture>
			<Location>
				<X>-5998</X>
				<Y>0</Y>
			</Location>
			<Size>
				<CX>10000</CX>
				<CY>20</CY>
			</Size>
			<Hotspot>
				<X>0</X>
				<Y>0</Y>
			</Hotspot>
			<Duration>1000</Duration>
		</Frames>
	</Ui2DAnimation>
	<Ui2DAnimation item="PetW_GaugeFill4">
		<Cycle>true</Cycle>
		<Frames>
		  <Texture>dzbars.png</Texture>
			<Location>
				<X>-7998</X>
				<Y>0</Y>
			</Location>
			<Size>
				<CX>10000</CX>
				<CY>20</CY>
			</Size>
			<Hotspot>
				<X>0</X>
				<Y>0</Y>
			</Hotspot>
			<Duration>1000</Duration>
		</Frames>
	</Ui2DAnimation>
	<Gauge item="Pet_HP_BG">
		<RelativePosition>true</RelativePosition>
		<Location>
			<X>7</X>
			<Y>5</Y>
		</Location>
		<Size>
			<CX>100</CX>
			<CY>36</CY>
		</Size>
		<!-- Name Plate Text -->
		<Text>No Pet</Text>
		<Font>4</Font>
		<TextOffsetX>1</TextOffsetX>
		<TextOffsetY>0</TextOffsetY>
		<TextColor>
			<R>240</R>
			<G>240</G>
			<B>240</B>
		</TextColor>
		<!-- HP Gauge Background -->  
		<GaugeOffsetX>0</GaugeOffsetX>
		<GaugeOffsetY>18</GaugeOffsetY>
		<Style_VScroll>false</Style_VScroll>
		<Style_HScroll>false</Style_HScroll>
		<Style_Transparent>false</Style_Transparent>
		<FillTint>
			<R>240</R>
			<G>0</G>
			<B>0</B>
		</FillTint>
		<LinesFillTint>
			<R>0</R>
			<G>0</G>
			<B>0</B>
		</LinesFillTint>
		<DrawLinesFill>false</DrawLinesFill>
		<EQType>16</EQType>
		<GaugeDrawTemplate>
			<Background>A_dzBackground</Background>
		</GaugeDrawTemplate>
	</Gauge>
	<Gauge item="Pet_HP_0">
		<RelativePosition>true</RelativePosition>
		<Location>
			<X>7</X>
			<Y>23</Y>
		</Location>
		<Size>
			<CX>100</CX>
			<CY>18</CY>
		</Size>
		<GaugeOffsetX>0</GaugeOffsetX>
		<GaugeOffsetY>0</GaugeOffsetY>
		<Text />
		<TextOffsetX>8000</TextOffsetX>
		<Style_VScroll>false</Style_VScroll>
		<Style_HScroll>false</Style_HScroll>
		<Style_Transparent>false</Style_Transparent>
		<FillTint>
			<R>240</R>
			<G>0</G>
			<B>0</B>
		</FillTint>
		<LinesFillTint>
			<R>0</R>
			<G>0</G>
			<B>0</B>
		</LinesFillTint>
		<DrawLinesFill>false</DrawLinesFill>
		<EQType>16</EQType>
		<GaugeDrawTemplate>
			<Fill>A_dzFill</Fill>
		</GaugeDrawTemplate>
	</Gauge>
	<Gauge item="Pet_HP_1A">
		<RelativePosition>true</RelativePosition>
		<Location>
			<X>0</X>
			<Y>0</Y>
		</Location>
		<Size>
			<CX>8000</CX>
			<CY>20</CY>
		</Size>
		<GaugeOffsetX>-2000</GaugeOffsetX>
		<GaugeOffsetY>0</GaugeOffsetY>
		<TextOffsetX>8000</TextOffsetX>
		<Style_VScroll>false</Style_VScroll>
		<Style_HScroll>false</Style_HScroll>
		<Style_Transparent>false</Style_Transparent>
		<FillTint>
			<R>240</R>
			<G>102</G>
			<B>0</B>
		</FillTint>
		<LinesFillTint>
			<R>0</R>
			<G>0</G>
			<B>0</B>
		</LinesFillTint>
		<DrawLinesFill>false</DrawLinesFill>
		<EQType>16</EQType>
		<GaugeDrawTemplate>
			<Fill>PetW_GaugeFill1</Fill>
		</GaugeDrawTemplate>
	</Gauge>
	<Screen item="Pet_HP_1A_X">
		<RelativePosition>true</RelativePosition>
		<Location>
			<X>7</X>
			<Y>23</Y>
		</Location>
		<Size>
			<CX>20</CX>
			<CY>18</CY>
		</Size>
		<Style_Transparent>true</Style_Transparent>
		<Pieces>Pet_HP_1A</Pieces>
	</Screen>
	<Gauge item="Pet_HP_1B">
		<RelativePosition>true</RelativePosition>
		<Location>
			<X>27</X>
			<Y>23</Y>
		</Location>
		<Size>
			<CX>80</CX>
			<CY>18</CY>
		</Size>
		<GaugeOffsetX>-20</GaugeOffsetX>
		<GaugeOffsetY>0</GaugeOffsetY>
		<Text />
		<TextOffsetY>8000</TextOffsetY>
		<Style_VScroll>false</Style_VScroll>
		<Style_HScroll>false</Style_HScroll>
		<Style_Transparent>false</Style_Transparent>
		<FillTint>
			<R>240</R>
			<G>102</G>
			<B>0</B>
		</FillTint>
		<LinesFillTint>
			<R>0</R>
			<G>0</G>
			<B>0</B>
		</LinesFillTint>
		<DrawLinesFill>false</DrawLinesFill>
		<EQType>16</EQType>
		<GaugeDrawTemplate>
			<Fill>A_dzFill</Fill>
		</GaugeDrawTemplate>
	</Gauge>
	<Gauge item="Pet_HP_2A">
		<RelativePosition>true</RelativePosition>
		<Location>
			<X>0</X>
			<Y>0</Y>
		</Location>
		<Size>
			<CX>6000</CX>
			<CY>20</CY>
		</Size>
		<GaugeOffsetX>-4000</GaugeOffsetX>
		<GaugeOffsetY>0</GaugeOffsetY>
		<TextOffsetX>8000</TextOffsetX>
		<Style_VScroll>false</Style_VScroll>
		<Style_HScroll>false</Style_HScroll>
		<Style_Transparent>false</Style_Transparent>
		<FillTint>
			<R>240</R>
			<G>240</G>
			<B>0</B>
		</FillTint>
		<LinesFillTint>
			<R>0</R>
			<G>0</G>
			<B>0</B>
		</LinesFillTint>
		<DrawLinesFill>false</DrawLinesFill>
		<EQType>16</EQType>
		<GaugeDrawTemplate>
			<Fill>PetW_GaugeFill2</Fill>
		</GaugeDrawTemplate>
	</Gauge>
	<Screen item="Pet_HP_2A_X">
		<RelativePosition>true</RelativePosition>
		<Location>
			<X>7</X>
			<Y>23</Y>
		</Location>
		<Size>
			<CX>40</CX>
			<CY>18</CY>
		</Size>
		<Style_Transparent>true</Style_Transparent>
		<Pieces>Pet_HP_2A</Pieces>
	</Screen>
	<Gauge item="Pet_HP_2B">
		<RelativePosition>true</RelativePosition>
		<Location>
			<X>47</X>
			<Y>23</Y>
		</Location>
		<Size>
			<CX>60</CX>
			<CY>18</CY>
		</Size>
		<GaugeOffsetX>-40</GaugeOffsetX>
		<GaugeOffsetY>0</GaugeOffsetY>
		<Text />
		<TextOffsetY>8000</TextOffsetY>
		<Style_VScroll>false</Style_VScroll>
		<Style_HScroll>false</Style_HScroll>
		<Style_Transparent>false</Style_Transparent>
		<FillTint>
			<R>240</R>
			<G>240</G>
			<B>0</B>
		</FillTint>
		<LinesFillTint>
			<R>0</R>
			<G>0</G>
			<B>0</B>
		</LinesFillTint>
		<DrawLinesFill>false</DrawLinesFill>
		<EQType>16</EQType>
		<GaugeDrawTemplate>
			<Fill>A_dzFill</Fill>
		</GaugeDrawTemplate>
	</Gauge>
	<Gauge item="Pet_HP_3A">
		<RelativePosition>true</RelativePosition>
		<Location>
			<X>0</X>
			<Y>0</Y>
		</Location>
		<Size>
			<CX>4000</CX>
			<CY>20</CY>
		</Size>
		<GaugeOffsetX>-6000</GaugeOffsetX>
		<GaugeOffsetY>0</GaugeOffsetY>
		<TextOffsetX>8000</TextOffsetX>
		<Style_VScroll>false</Style_VScroll>
		<Style_HScroll>false</Style_HScroll>
		<Style_Transparent>false</Style_Transparent>
		<FillTint>
			<R>173</R>
			<G>255</G>
			<B>47</B>
		</FillTint>
		<LinesFillTint>
			<R>0</R>
			<G>0</G>
			<B>0</B>
		</LinesFillTint>
		<DrawLinesFill>false</DrawLinesFill>
		<EQType>16</EQType>
		<GaugeDrawTemplate>
			<Fill>PetW_GaugeFill3</Fill>
		</GaugeDrawTemplate>
	</Gauge>
	<Screen item="Pet_HP_3A_X">
		<RelativePosition>true</RelativePosition>
		<Location>
			<X>7</X>
			<Y>23</Y>
		</Location>
		<Size>
			<CX>60</CX>
			<CY>18</CY>
		</Size>
		<Style_Transparent>true</Style_Transparent>
		<Pieces>Pet_HP_3A</Pieces>
	</Screen>
	<Gauge item="Pet_HP_3B">
		<RelativePosition>true</RelativePosition>
		<Location>
			<X>67</X>
			<Y>23</Y>
		</Location>
		<Size>
			<CX>40</CX>
			<CY>18</CY>
		</Size>
		<GaugeOffsetX>-60</GaugeOffsetX>
		<GaugeOffsetY>0</GaugeOffsetY>
		<Text />
		<TextOffsetY>8000</TextOffsetY>
		<Style_VScroll>false</Style_VScroll>
		<Style_HScroll>false</Style_HScroll>
		<Style_Transparent>false</Style_Transparent>
		<FillTint>
			<R>173</R>
			<G>255</G>
			<B>47</B>
		</FillTint>
		<LinesFillTint>
			<R>0</R>
			<G>0</G>
			<B>0</B>
		</LinesFillTint>
		<DrawLinesFill>false</DrawLinesFill>
		<EQType>16</EQType>
		<GaugeDrawTemplate>
			<Fill>A_dzFill</Fill>
		</GaugeDrawTemplate>
	</Gauge>
	<Gauge item="Pet_HP_4A">
		<RelativePosition>true</RelativePosition>
		<Location>
			<X>0</X>
			<Y>0</Y>
		</Location>
		<Size>
			<CX>2000</CX>
			<CY>20</CY>
		</Size>
		<GaugeOffsetX>-8000</GaugeOffsetX>
		<GaugeOffsetY>0</GaugeOffsetY>
		<TextOffsetX>8000</TextOffsetX>
		<Style_VScroll>false</Style_VScroll>
		<Style_HScroll>false</Style_HScroll>
		<Style_Transparent>false</Style_Transparent>
		<FillTint>
			<R>0</R>
			<G>240</G>
			<B>0</B>
		</FillTint>
		<LinesFillTint>
			<R>0</R>
			<G>0</G>
			<B>0</B>
		</LinesFillTint>
		<DrawLinesFill>false</DrawLinesFill>
		<EQType>16</EQType>
		<GaugeDrawTemplate>
			<Fill>PetW_GaugeFill4</Fill>
		</GaugeDrawTemplate>
	</Gauge>
	<Screen item="Pet_HP_4A_X">
		<RelativePosition>true</RelativePosition>
		<Location>
			<X>7</X>
			<Y>23</Y>
		</Location>
		<Size>
			<CX>80</CX>
			<CY>18</CY>
		</Size>
		<Style_Transparent>true</Style_Transparent>
		<Pieces>Pet_HP_4A</Pieces>
	</Screen>
	<Gauge item="Pet_HP_4B">
		<RelativePosition>true</RelativePosition>
		<Location>
			<X>87</X>
			<Y>23</Y>
		</Location>
		<Size>
			<CX>20</CX>
			<CY>18</CY>
		</Size>
		<GaugeOffsetX>-80</GaugeOffsetX>
		<GaugeOffsetY>0</GaugeOffsetY>
		<Text />
		<TextOffsetY>8000</TextOffsetY>
		<Style_VScroll>false</Style_VScroll>
		<Style_HScroll>false</Style_HScroll>
		<Style_Transparent>false</Style_Transparent>
		<FillTint>
			<R>0</R>
			<G>240</G>
			<B>0</B>
		</FillTint>
		<LinesFillTint>
			<R>0</R>
			<G>0</G>
			<B>0</B>
		</LinesFillTint>
		<DrawLinesFill>false</DrawLinesFill>
		<EQType>16</EQType>
		<GaugeDrawTemplate>
			<Fill>A_dzFill</Fill>
		</GaugeDrawTemplate>
	</Gauge>
	<Label item="PIW_HPLabel">
		<Font>3</Font>
		<EQType>69</EQType>
		<RelativePosition>true</RelativePosition>
		<Location>
			<X>110</X>
			<Y>24</Y>
		</Location>
		<Size>
			<CX>22</CX>
			<CY>16</CY>
		</Size>
		<Text>100</Text>
		<TextColor>
			<R>255</R>
			<G>255</G>
			<B>255</B>
		</TextColor>
		<NoWrap>true</NoWrap>
		<AlignCenter>true</AlignCenter>
		<AlignRight>false</AlignRight>
		<AlignLeft>false</AlignLeft>
	</Label>
	<Label item="PIW_HPLabelBG">
		<Font>3</Font>
		<EQType>69</EQType>
		<RelativePosition>true</RelativePosition>
		<Location>
			<X>111</X>
			<Y>25</Y>
		</Location>
		<Size>
			<CX>22</CX>
			<CY>16</CY>
		</Size>
		<Text>100</Text>
		<TextColor>
			<R>0</R>
			<G>0</G>
			<B>0</B>
		</TextColor>
		<NoWrap>true</NoWrap>
		<AlignCenter>true</AlignCenter>
		<AlignRight>false</AlignRight>
		<AlignLeft>false</AlignLeft>
	</Label>
	<!-- Pet Window Buttons -->
	<Button item="PIW_LostButton">
		<ScreenID>LostButton</ScreenID>
		<Font>3</Font>
		<RelativePosition>true</RelativePosition>
		<Location>
			<X>71</X>
			<Y>5</Y>
		</Location>
		<Size>
			<CX>62</CX>
			<CY>16</CY>
		</Size>
		<Style_VScroll>false</Style_VScroll>
		<Style_HScroll>false</Style_HScroll>
		<Style_Transparent>false</Style_Transparent>
		<TooltipReference>Pet Get Lost</TooltipReference>
		<Style_Checkbox>false</Style_Checkbox>
		<!--<RadioGroup/>-->
		<Text>Bye</Text>
		<TextColor>
			<R>255</R>
			<G>255</G>
			<B>255</B>
		</TextColor>
		<ButtonDrawTemplate>
			<Normal>A_BtnNormal</Normal>
			<Pressed>A_BtnPressed</Pressed>
			<Flyby>A_BtnFlyby</Flyby>
			<Disabled>A_BtnDisabled</Disabled>
			<PressedFlyby>A_BtnPressedFlyby</PressedFlyby>
		</ButtonDrawTemplate>
	</Button>
	<Button item="PIW_AttackButton">
		<ScreenID>AttackButton</ScreenID>
		<Font>3</Font>
		<RelativePosition>true</RelativePosition>
		<Location>
			<X>7</X>
			<Y>43</Y>
		</Location>
		<Size>
			<CX>62</CX>
			<CY>16</CY>
		</Size>
		<Style_VScroll>false</Style_VScroll>
		<Style_HScroll>false</Style_HScroll>
		<Style_Transparent>false</Style_Transparent>
		<TooltipReference>Pet Attack</TooltipReference>
		<Style_Checkbox>false</Style_Checkbox>
		<!--<RadioGroup/>-->
		<Text>Attack</Text>
		<TextColor>
			<R>255</R>
			<G>255</G>
			<B>255</B>
		</TextColor>
		<ButtonDrawTemplate>
			<Normal>A_BtnNormal</Normal>
			<Pressed>A_BtnPressed</Pressed>
			<Flyby>A_BtnFlyby</Flyby>
			<Disabled>A_BtnDisabled</Disabled>
			<PressedFlyby>A_BtnPressedFlyby</PressedFlyby>
		</ButtonDrawTemplate>
	</Button>
	<Button item="PIW_BackButton">
		<ScreenID>BackButton</ScreenID>
		<Font>3</Font>
		<RelativePosition>true</RelativePosition>
		<Location>
			<X>71</X>
			<Y>43</Y>
		</Location>
		<Size>
			<CX>62</CX>
			<CY>16</CY>
		</Size>
		<Style_VScroll>false</Style_VScroll>
		<Style_HScroll>false</Style_HScroll>
		<Style_Transparent>false</Style_Transparent>
		<TooltipReference>Pet Back Off</TooltipReference>
		<Style_Checkbox>false</Style_Checkbox>
		<!--<RadioGroup/>-->
		<Text>Back</Text>
		<TextColor>
			<R>255</R>
			<G>255</G>
			<B>255</B>
		</TextColor>
		<ButtonDrawTemplate>
			<Normal>A_BtnNormal</Normal>
			<Pressed>A_BtnPressed</Pressed>
			<Flyby>A_BtnFlyby</Flyby>
			<Disabled>A_BtnDisabled</Disabled>
			<PressedFlyby>A_BtnPressedFlyby</PressedFlyby>
		</ButtonDrawTemplate>
	</Button> 
	<Button item="PIW_GuardButton">
		<ScreenID>GuardButton</ScreenID>
		<Font>3</Font>
		<RelativePosition>true</RelativePosition>
		<Location>
			<X>7</X>
			<Y>61</Y>
		</Location>
		<Size>
			<CX>62</CX>
			<CY>16</CY>
		</Size>
		<Style_VScroll>false</Style_VScroll>
		<Style_HScroll>false</Style_HScroll>
		<Style_Transparent>false</Style_Transparent>
		<TooltipReference>Pet Guard Here</TooltipReference>
		<Style_Checkbox>false</Style_Checkbox>
		<!--<RadioGroup/>-->
		<Text>Guard</Text>
		<TextColor>
			<R>255</R>
			<G>255</G>
			<B>255</B>
		</TextColor>
		<ButtonDrawTemplate>
			<Normal>A_BtnNormal</Normal>
			<Pressed>A_BtnPressed</Pressed>
			<Flyby>A_BtnFlyby</Flyby>
			<Disabled>A_BtnDisabled</Disabled>
			<PressedFlyby>A_BtnPressedFlyby</PressedFlyby>
		</ButtonDrawTemplate>
	</Button> 
	<Button item="PIW_FollowButton">
		<ScreenID>FollowButton</ScreenID>
		<Font>3</Font>
		<RelativePosition>true</RelativePosition>
		<Location>
			<X>71</X>
			<Y>61</Y>
		</Location>
		<Size>
			<CX>62</CX>
			<CY>16</CY>
		</Size>
		<Style_VScroll>false</Style_VScroll>
		<Style_HScroll>false</Style_HScroll>
		<Style_Transparent>false</Style_Transparent>
		<TooltipReference>Pet Follow Me</TooltipReference>
		<Style_Checkbox>false</Style_Checkbox>
		<!--<RadioGroup/>-->
		<Text>Follow</Text>
		<TextColor>
			<R>255</R>
			<G>255</G>
			<B>255</B>
		</TextColor>
		<ButtonDrawTemplate>
			<Normal>A_BtnNormal</Normal>
			<Pressed>A_BtnPressed</Pressed>
			<Flyby>A_BtnFlyby</Flyby>
			<Disabled>A_BtnDisabled</Disabled>
			<PressedFlyby>A_BtnPressedFlyby</PressedFlyby>
		</ButtonDrawTemplate>
	</Button>
	<Button item="PIW_SitButton">
		<!-- The stand button will ignore its own size/location and always be under the sit button (for smooth toggling) -->
		<ScreenID>SitButton</ScreenID>
		<Font>3</Font>
		<RelativePosition>true</RelativePosition>
		<Location>
			<X>7</X>
			<Y>79</Y>
		</Location>
		<Size>
			<CX>62</CX>
			<CY>16</CY>
		</Size>
		<Style_VScroll>false</Style_VScroll>
		<Style_HScroll>false</Style_HScroll>
		<Style_Transparent>false</Style_Transparent>
		<TooltipReference>Pet Sit Down</TooltipReference>
		<Style_Checkbox>false</Style_Checkbox>
		<!--<RadioGroup/>-->
		<Text>Sit</Text>
		<TextColor>
			<R>255</R>
			<G>255</G>
			<B>255</B>
		</TextColor>
		<ButtonDrawTemplate>
			<Normal>A_BtnNormal</Normal>
			<Pressed>A_BtnPressed</Pressed>
			<Flyby>A_BtnFlyby</Flyby>
			<Disabled>A_BtnDisabled</Disabled>
			<PressedFlyby>A_BtnPressedFlyby</PressedFlyby>
		</ButtonDrawTemplate>
	</Button>
	<Button item="PIW_TauntButton">
		<ScreenID>TauntButton</ScreenID>
		<Font>3</Font>
		<RelativePosition>true</RelativePosition>
		<Location>
			<X>71</X>
			<Y>79</Y>
		</Location>
		<Size>
			<CX>62</CX>
			<CY>16</CY>
		</Size>
		<Style_VScroll>false</Style_VScroll>
		<Style_HScroll>false</Style_HScroll>
		<Style_Transparent>false</Style_Transparent>
		<TooltipReference>Pet Taunt</TooltipReference>
		<Style_Checkbox>false</Style_Checkbox>
		<!--<RadioGroup/>-->
		<Text>Taunt</Text>
		<TextColor>
			<R>255</R>
			<G>255</G>
			<B>255</B>
		</TextColor>
		<ButtonDrawTemplate>
			<Normal>A_BtnNormal</Normal>
			<Pressed>A_BtnPressed</Pressed>
			<Flyby>A_BtnFlyby</Flyby>
			<Disabled>A_BtnDisabled</Disabled>
			<PressedFlyby>A_BtnPressedFlyby</PressedFlyby>
		</ButtonDrawTemplate>
	</Button>
	<!--******************************************-->
	<Screen item="PetInfoWindow">
		<ScreenID/>
		<RelativePosition>false</RelativePosition>
		<Location>
			<X>280</X>
			<Y>0</Y>
		</Location>
		<Size>
			<CX>140</CX>
			<CY>100</CY>
		</Size>
		<Text>Pet Info</Text>
		<Style_VScroll>false</Style_VScroll>
		<Style_HScroll>false</Style_HScroll>
		<Style_Transparent>false</Style_Transparent>
		<TooltipReference/>
		<DrawTemplate>WDT_RoundedNoTitle</DrawTemplate>
		<Style_Titlebar>false</Style_Titlebar>
		<Style_Closebox>true</Style_Closebox>
		<Style_Minimizebox>true</Style_Minimizebox>
		<Style_Border>false</Style_Border>
		<Style_Sizable>false</Style_Sizable>
		<!-- Phorm Background -->
		<Pieces>phorm_PetInfoWindow</Pieces>
		<!-- Pet HP Gauge -->
		<Pieces>Pet_HP_BG</Pieces>
		<Pieces>Pet_HP_0</Pieces>
		<Pieces>Pet_HP_1A_X</Pieces>
		<Pieces>Pet_HP_1B</Pieces>
		<Pieces>Pet_HP_2A_X</Pieces>
		<Pieces>Pet_HP_2B</Pieces>
		<Pieces>Pet_HP_3A_X</Pieces>
		<Pieces>Pet_HP_3B</Pieces>
		<Pieces>Pet_HP_4A_X</Pieces>
		<Pieces>Pet_HP_4B</Pieces>
		<Pieces>PIW_HPLabelBG</Pieces>
		<Pieces>PIW_HPLabel</Pieces>
		<!-- Pet Window Buttons -->
		<Pieces>PIW_AttackButton</Pieces>
		<Pieces>PIW_LostButton</Pieces>
		<Pieces>PIW_BackButton</Pieces>
		<Pieces>PIW_GuardButton</Pieces>
		<Pieces>PIW_FollowButton</Pieces>
		<Pieces>PIW_TauntButton</Pieces>
		<Pieces>PIW_SitButton</Pieces>
	</Screen>
</XML>