<?xml version="1.0" encoding="us-ascii"?>
<XML ID="EQInterfaceDefinitionLanguage">
	<Schema xmlns="EverQuestData" xmlns:dt="EverQuestDataTypes" />
	<!-- Phorm Background -->
	<TextureInfo item="phorm_SpellBookWnd.tga">
		<Size>
			<CX>512</CX>
			<CY>256</CY>
		</Size>
	</TextureInfo>
	<Ui2DAnimation item="phorm_SpellBookWnd">
		<Frames>
			<Texture>phorm_SpellBookWnd.tga</Texture>
			<Location>
				<X>0</X>
				<Y>0</Y>
			</Location>
			<Size>
				<CX>420</CX>
				<CY>220</CY>
			</Size>
			<Hotspot>
				<X>0</X>
				<Y>0</Y>
			</Hotspot>
		</Frames>
	</Ui2DAnimation>
	<StaticAnimation item="phorm_SpellBookWnd">
		<ScreenID>phorm_SpellBookWnd</ScreenID>
		<RelativePosition>true</RelativePosition>
			<Location>
				<X>0</X>
				<Y>0</Y>
			</Location>
			<Size>
				<CX>420</CX>
				<CY>220</CY>
			</Size>
		<Animation>phorm_SpellBookWnd</Animation>
	</StaticAnimation>

	<!-- Spell Book Buttons -->
	<StaticText item="SBW_LeftPageNum">
		<ScreenID>SBW_LeftPageNum</ScreenID>
		<Font>3</Font>
		<RelativePosition>true</RelativePosition>
		<Location>
			<X>7</X>
			<Y>6</Y>
		</Location>
		<Size>
			<CX>23</CX>
			<CY>16</CY>
		</Size>
		<TextColor>
			<R>255</R>
			<G>255</G>
			<B>255</B>
		</TextColor>
		<Text>98</Text>
		<NoWrap>true</NoWrap>
		<AlignCenter>true</AlignCenter>
		<AlignRight>false</AlignRight>
		<AlignLeft>false</AlignLeft>
	</StaticText>
	<StaticText item="SBW_RightPageNum">
		<ScreenID>SBW_RightPageNum</ScreenID>
		<Font>3</Font>
		<RelativePosition>true</RelativePosition>
		<Location>
			<X>390</X>
			<Y>6</Y>
		</Location>
		<Size>
			<CX>23</CX>
			<CY>16</CY>
		</Size>
		<TextColor>
			<R>255</R>
			<G>255</G>
			<B>255</B>
		</TextColor>
		<Text>99</Text>
		<NoWrap>true</NoWrap>
		<AlignCenter>true</AlignCenter>
		<AlignRight>false</AlignRight>
		<AlignLeft>false</AlignLeft>
	</StaticText>
	<Button item="SBW_DoneButton">
		<ScreenID>DoneButton</ScreenID>
		<Font>3</Font>
		<RelativePosition>true</RelativePosition>
		<Location>
			<X>179</X>
			<Y>5</Y>
		</Location>
		<Size>
			<CX>62</CX>
			<CY>16</CY>
		</Size>
		<Style_Transparent>false</Style_Transparent>
		<Style_Checkbox>false</Style_Checkbox>
		<!--<RadioGroup/>-->
		<Text>Done</Text>
		<TextColor>
			<R>255</R>
			<G>255</G>
			<B>255</B>
		</TextColor>
		<ButtonDrawTemplate>
		  <Normal>A_BtnNormal</Normal>
		  <Pressed>A_BtnPressed</Pressed>
		  <Flyby>A_BtnFlyby</Flyby>
		  <Disabled>A_BtnDisabled</Disabled>
		  <PressedFlyby>A_BtnPressedFlyby</PressedFlyby>
		</ButtonDrawTemplate>
		<!--<SoundPressed/>-->
		<!--<<SoundUp/>-->
		<!--<SoundFlyby/>-->
	</Button>
	<Button item="SBW_PageDown_Button">
		<ScreenID>SBW_PageDown_Button</ScreenID>
		<RelativePosition>true</RelativePosition>
		<TooltipReference>Previous Page</TooltipReference>
		<Location>
			<X>157</X>
			<Y>3</Y>
		</Location>
		<Size>
			<CX>20</CX>
			<CY>20</CY>
		</Size>
		<Style_Transparent>false</Style_Transparent>
		<Style_Checkbox>false</Style_Checkbox>
		<!--<RadioGroup/>-->
		<Text />
		<TextColor>
			<R>255</R>
			<G>255</G>
			<B>255</B>
		</TextColor>
		<ButtonDrawTemplate>
			<Normal>A_LeftArrowBtnNormal</Normal>
			<Pressed>A_LeftArrowBtnPressed</Pressed>
			<Flyby>A_LeftArrowBtnFlyby</Flyby>
			<Disabled>A_LeftArrowBtnDisabled</Disabled>
			<PressedFlyby>A_LeftArrowBtnPressedFlyby</PressedFlyby>
		</ButtonDrawTemplate>
		<!--<SoundPressed/>-->
		<!--<SoundUp/>-->
		<!--<SoundFlyby/>-->
	</Button>
	<Button item="SBW_PageUp_Button">
		<ScreenID>SBW_PageUp_Button</ScreenID>
		<RelativePosition>true</RelativePosition>
		<TooltipReference>Next Page</TooltipReference>
		<Location>
			<X>243</X>
			<Y>3</Y>
		</Location>
		<Size>
			<CX>20</CX>
			<CY>20</CY>
		</Size>
		<Style_Transparent>false</Style_Transparent>
		<Style_Checkbox>false</Style_Checkbox>
		<!--<RadioGroup/>-->
		<Text />
		<TextColor>
			<R>255</R>
			<G>255</G>
			<B>255</B>
		</TextColor>
		<ButtonDrawTemplate>
			<Normal>A_RightArrowBtnNormal</Normal>
			<Pressed>A_RightArrowBtnPressed</Pressed>
			<Flyby>A_RightArrowBtnFlyby</Flyby>
			<Disabled>A_RightArrowBtnDisabled</Disabled>
			<PressedFlyby>A_RightArrowBtnPressedFlyby</PressedFlyby>
		</ButtonDrawTemplate>
		<!--<SoundPressed/>-->
		<!--<SoundUp/>-->
		<!--<SoundFlyby/>-->
	</Button>

	<!-- Spell Book Guages -->
	<Gauge item="SBW_Scribe_Gauge">
		<ScreenID>SBW_Memorize_Gauge</ScreenID>
		<RelativePosition>true</RelativePosition>
		<TooltipReference>Scribing</TooltipReference>
		<Location>
			<X>45</X>
			<Y>9</Y>
		</Location>
		<Size>
			<CX>100</CX>
			<CY>9</CY>
		</Size>
		<GaugeOffsetY>0</GaugeOffsetY>
		<Style_Transparent>false</Style_Transparent>
		<Style_Tooltip>false</Style_Tooltip>
		<FillTint>
			<R>200</R>
			<G>0</G>
			<B>200</B>
		</FillTint>
		<LinesFillTint>
			<R>0</R>
			<G>0</G>
			<B>0</B>
		</LinesFillTint>
		<DrawLinesFill>false</DrawLinesFill>
		<EQType>10</EQType>
		<GaugeDrawTemplate>
			<Background>A_dzThinBackground</Background>
			<Fill>A_dzThinFill</Fill>
		</GaugeDrawTemplate>
	</Gauge>
	<Gauge item="SBW_Memorize_Gauge">
		<ScreenID>SBW_Memorize_Gauge</ScreenID>
		<RelativePosition>true</RelativePosition>
		<TooltipReference>Memorizing</TooltipReference>
		<Location>
			<X>275</X>
			<Y>9</Y>
		</Location>
		<Size>
			<CX>100</CX>
			<CY>9</CY>
		</Size>
		<GaugeOffsetY>0</GaugeOffsetY>
		<Style_Transparent>false</Style_Transparent>
		<Style_Tooltip>false</Style_Tooltip>
		<FillTint>
			<R>200</R>
			<G>0</G>
			<B>200</B>
		</FillTint>
		<LinesFillTint>
			<R>0</R>
			<G>0</G>
			<B>0</B>
		</LinesFillTint>
		<DrawLinesFill>false</DrawLinesFill>
		<EQType>9</EQType>
		<GaugeDrawTemplate>
			<Background>A_dzThinBackground</Background>
			<Fill>A_dzThinFill</Fill>
		</GaugeDrawTemplate>
	</Gauge>

	<!-- Spells -->
	<Button item="SBW_Spell0">
		<ScreenID>SBW_Spell0</ScreenID>
		<RelativePosition>true</RelativePosition>
		<Location>
			<X>7</X>
			<Y>24</Y>
		</Location>
		<Size>
			<CX>23</CX>
			<CY>23</CY>
		</Size>
		<Style_Transparent>false</Style_Transparent>
		<Style_Checkbox>false</Style_Checkbox>
		<!--<RadioGroup/>-->
		<ButtonDrawTemplate>
			<Normal>BlueIconBackground</Normal>
		  <!--<NormalDecal>BuffIcons</NormalDecal>-->
		</ButtonDrawTemplate>
		<!--<SoundPressed/>-->
		<!--<SoundUp/>-->
		<!--<SoundFlyby/>-->
		<DecalOffset>
			<X>0</X>
			<Y>0</Y>
		</DecalOffset>
		<DecalSize>
			<CX>23</CX>
			<CY>23</CY>
		</DecalSize>
	</Button>
	<StaticText item="SBW_SpellName0">
		<ScreenID>SBW_SpellName0</ScreenID>
		<Font>3</Font>
		<RelativePosition>true</RelativePosition>
		<Location>
			<X>34</X>
			<Y>28</Y>
		</Location>
		<Size>
			<CX>170</CX>
			<CY>16</CY>
		</Size>
		<TextColor>
			<R>255</R>
			<G>255</G>
			<B>255</B>
		</TextColor>
		<Text>Complete Healing</Text>
		<NoWrap>true</NoWrap>
		<AlignCenter>false</AlignCenter>
		<AlignRight>false</AlignRight>
		<AlignLeft>true</AlignLeft>
	</StaticText>
	<Button item="SBW_Spell1">
		<ScreenID>SBW_Spell1</ScreenID>
		<RelativePosition>true</RelativePosition>
		<Location>
			<X>7</X>
			<Y>48</Y>
		</Location>
		<Size>
			<CX>23</CX>
			<CY>23</CY>
		</Size>
		<Style_Transparent>false</Style_Transparent>
		<Style_Checkbox>false</Style_Checkbox>
		<!--<RadioGroup/>-->
		<ButtonDrawTemplate>
			<Normal>BlueIconBackground</Normal>
		  <!--<NormalDecal>BuffIcons</NormalDecal>-->
		</ButtonDrawTemplate>
		<!--<SoundPressed/>-->
		<!--<SoundUp/>-->
		<!--<SoundFlyby/>-->
		<DecalOffset>
			<X>0</X>
			<Y>0</Y>
		</DecalOffset>
		<DecalSize>
			<CX>23</CX>
			<CY>23</CY>
		</DecalSize>
	</Button>
	<StaticText item="SBW_SpellName1">
		<ScreenID>SBW_SpellName1</ScreenID>
		<Font>3</Font>
		<RelativePosition>true</RelativePosition>
		<Location>
			<X>34</X>
			<Y>52</Y>
		</Location>
		<Size>
			<CX>170</CX>
			<CY>16</CY>
		</Size>
		<TextColor>
			<R>255</R>
			<G>255</G>
			<B>255</B>
		</TextColor>
		<Text>Complete Healing</Text>
		<NoWrap>true</NoWrap>
		<AlignCenter>false</AlignCenter>
		<AlignRight>false</AlignRight>
		<AlignLeft>true</AlignLeft>
	</StaticText>
	<Button item="SBW_Spell2">
		<ScreenID>SBW_Spell2</ScreenID>
		<RelativePosition>true</RelativePosition>
		<Location>
			<X>7</X>
			<Y>72</Y>
		</Location>
		<Size>
			<CX>23</CX>
			<CY>23</CY>
		</Size>
		<Style_Transparent>false</Style_Transparent>
		<Style_Checkbox>false</Style_Checkbox>
		<!--<RadioGroup/>-->
		<ButtonDrawTemplate>
			<Normal>BlueIconBackground</Normal>
		  <!--<NormalDecal>BuffIcons</NormalDecal>-->
		</ButtonDrawTemplate>
		<!--<SoundPressed/>-->
		<!--<SoundUp/>-->
		<!--<SoundFlyby/>-->
		<DecalOffset>
			<X>0</X>
			<Y>0</Y>
		</DecalOffset>
		<DecalSize>
			<CX>23</CX>
			<CY>23</CY>
		</DecalSize>
	</Button>
	<StaticText item="SBW_SpellName2">
		<ScreenID>SBW_SpellName2</ScreenID>
		<Font>3</Font>
		<RelativePosition>true</RelativePosition>
		<Location>
			<X>34</X>
			<Y>76</Y>
		</Location>
		<Size>
			<CX>170</CX>
			<CY>16</CY>
		</Size>
		<TextColor>
			<R>255</R>
			<G>255</G>
			<B>255</B>
		</TextColor>
		<Text>Complete Healing</Text>
		<NoWrap>true</NoWrap>
		<AlignCenter>false</AlignCenter>
		<AlignRight>false</AlignRight>
		<AlignLeft>true</AlignLeft>
	</StaticText>
	<Button item="SBW_Spell3">
		<ScreenID>SBW_Spell3</ScreenID>
		<RelativePosition>true</RelativePosition>
		<Location>
			<X>7</X>
			<Y>96</Y>
		</Location>
		<Size>
			<CX>23</CX>
			<CY>23</CY>
		</Size>
		<Style_Transparent>false</Style_Transparent>
		<Style_Checkbox>false</Style_Checkbox>
		<!--<RadioGroup/>-->
		<ButtonDrawTemplate>
			<Normal>BlueIconBackground</Normal>
		  <!--<NormalDecal>BuffIcons</NormalDecal>-->
		</ButtonDrawTemplate>
		<!--<SoundPressed/>-->
		<!--<SoundUp/>-->
		<!--<SoundFlyby/>-->
		<DecalOffset>
			<X>0</X>
			<Y>0</Y>
		</DecalOffset>
		<DecalSize>
			<CX>23</CX>
			<CY>23</CY>
		</DecalSize>
	</Button>
	<StaticText item="SBW_SpellName3">
		<ScreenID>SBW_SpellName3</ScreenID>
		<Font>3</Font>
		<RelativePosition>true</RelativePosition>
		<Location>
			<X>34</X>
			<Y>100</Y>
		</Location>
		<Size>
			<CX>170</CX>
			<CY>16</CY>
		</Size>
		<TextColor>
			<R>255</R>
			<G>255</G>
			<B>255</B>
		</TextColor>
		<Text>Complete Healing</Text>
		<NoWrap>true</NoWrap>
		<AlignCenter>false</AlignCenter>
		<AlignRight>false</AlignRight>
		<AlignLeft>true</AlignLeft>
	</StaticText>
	<Button item="SBW_Spell4">
		<ScreenID>SBW_Spell4</ScreenID>
		<RelativePosition>true</RelativePosition>
		<Location>
			<X>7</X>
			<Y>120</Y>
		</Location>
		<Size>
			<CX>23</CX>
			<CY>23</CY>
		</Size>
		<Style_Transparent>false</Style_Transparent>
		<Style_Checkbox>false</Style_Checkbox>
		<!--<RadioGroup/>-->
		<ButtonDrawTemplate>
			<Normal>BlueIconBackground</Normal>
		  <!--<NormalDecal>BuffIcons</NormalDecal>-->
		</ButtonDrawTemplate>
		<!--<SoundPressed/>-->
		<!--<SoundUp/>-->
		<!--<SoundFlyby/>-->
		<DecalOffset>
			<X>0</X>
			<Y>0</Y>
		</DecalOffset>
		<DecalSize>
			<CX>23</CX>
			<CY>23</CY>
		</DecalSize>
	</Button>
	<StaticText item="SBW_SpellName4">
		<ScreenID>SBW_SpellName4</ScreenID>
		<Font>3</Font>
		<RelativePosition>true</RelativePosition>
		<Location>
			<X>34</X>
			<Y>124</Y>
		</Location>
		<Size>
			<CX>170</CX>
			<CY>16</CY>
		</Size>
		<TextColor>
			<R>255</R>
			<G>255</G>
			<B>255</B>
		</TextColor>
		<Text>Complete Healing</Text>
		<NoWrap>true</NoWrap>
		<AlignCenter>false</AlignCenter>
		<AlignRight>false</AlignRight>
		<AlignLeft>true</AlignLeft>
	</StaticText>
	<Button item="SBW_Spell5">
		<ScreenID>SBW_Spell5</ScreenID>
		<RelativePosition>true</RelativePosition>
		<Location>
			<X>7</X>
			<Y>144</Y>
		</Location>
		<Size>
			<CX>23</CX>
			<CY>23</CY>
		</Size>
		<Style_Transparent>false</Style_Transparent>
		<Style_Checkbox>false</Style_Checkbox>
		<!--<RadioGroup/>-->
		<ButtonDrawTemplate>
			<Normal>BlueIconBackground</Normal>
		  <!--<NormalDecal>BuffIcons</NormalDecal>-->
		</ButtonDrawTemplate>
		<!--<SoundPressed/>-->
		<!--<SoundUp/>-->
		<!--<SoundFlyby/>-->
		<DecalOffset>
			<X>0</X>
			<Y>0</Y>
		</DecalOffset>
		<DecalSize>
			<CX>23</CX>
			<CY>23</CY>
		</DecalSize>
	</Button>
	<StaticText item="SBW_SpellName5">
		<ScreenID>SBW_SpellName5</ScreenID>
		<Font>3</Font>
		<RelativePosition>true</RelativePosition>
		<Location>
			<X>34</X>
			<Y>148</Y>
		</Location>
		<Size>
			<CX>170</CX>
			<CY>16</CY>
		</Size>
		<TextColor>
			<R>255</R>
			<G>255</G>
			<B>255</B>
		</TextColor>
		<Text>Complete Healing</Text>
		<NoWrap>true</NoWrap>
		<AlignCenter>false</AlignCenter>
		<AlignRight>false</AlignRight>
		<AlignLeft>true</AlignLeft>
	</StaticText>
	<Button item="SBW_Spell6">
		<ScreenID>SBW_Spell6</ScreenID>
		<RelativePosition>true</RelativePosition>
		<Location>
			<X>7</X>
			<Y>168</Y>
		</Location>
		<Size>
			<CX>23</CX>
			<CY>23</CY>
		</Size>
		<Style_Transparent>false</Style_Transparent>
		<Style_Checkbox>false</Style_Checkbox>
		<!--<RadioGroup/>-->
		<ButtonDrawTemplate>
			<Normal>BlueIconBackground</Normal>
		  <!--<NormalDecal>BuffIcons</NormalDecal>-->
		</ButtonDrawTemplate>
		<!--<SoundPressed/>-->
		<!--<SoundUp/>-->
		<!--<SoundFlyby/>-->
		<DecalOffset>
			<X>0</X>
			<Y>0</Y>
		</DecalOffset>
		<DecalSize>
			<CX>23</CX>
			<CY>23</CY>
		</DecalSize>
	</Button>
	<StaticText item="SBW_SpellName6">
		<ScreenID>SBW_SpellName6</ScreenID>
		<Font>3</Font>
		<RelativePosition>true</RelativePosition>
		<Location>
			<X>34</X>
			<Y>172</Y>
		</Location>
		<Size>
			<CX>170</CX>
			<CY>16</CY>
		</Size>
		<TextColor>
			<R>255</R>
			<G>255</G>
			<B>255</B>
		</TextColor>
		<Text>Complete Healing</Text>
		<NoWrap>true</NoWrap>
		<AlignCenter>false</AlignCenter>
		<AlignRight>false</AlignRight>
		<AlignLeft>true</AlignLeft>
	</StaticText>
	<Button item="SBW_Spell7">
		<ScreenID>SBW_Spell7</ScreenID>
		<RelativePosition>true</RelativePosition>
		<Location>
			<X>7</X>
			<Y>192</Y>
		</Location>
		<Size>
			<CX>23</CX>
			<CY>23</CY>
		</Size>
		<Style_Transparent>false</Style_Transparent>
		<Style_Checkbox>false</Style_Checkbox>
		<!--<RadioGroup/>-->
		<ButtonDrawTemplate>
			<Normal>BlueIconBackground</Normal>
		  <!--<NormalDecal>BuffIcons</NormalDecal>-->
		</ButtonDrawTemplate>
		<!--<SoundPressed/>-->
		<!--<SoundUp/>-->
		<!--<SoundFlyby/>-->
		<DecalOffset>
			<X>0</X>
			<Y>0</Y>
		</DecalOffset>
		<DecalSize>
			<CX>23</CX>
			<CY>23</CY>
		</DecalSize>
	</Button>
	<StaticText item="SBW_SpellName7">
		<ScreenID>SBW_SpellName7</ScreenID>
		<Font>3</Font>
		<RelativePosition>true</RelativePosition>
		<Location>
			<X>34</X>
			<Y>196</Y>
		</Location>
		<Size>
			<CX>170</CX>
			<CY>16</CY>
		</Size>
		<TextColor>
			<R>255</R>
			<G>255</G>
			<B>255</B>
		</TextColor>
		<Text>Complete Healing</Text>
		<NoWrap>true</NoWrap>
		<AlignCenter>false</AlignCenter>
		<AlignRight>false</AlignRight>
		<AlignLeft>true</AlignLeft>
	</StaticText>

	<Button item="SBW_Spell8">
		<ScreenID>SBW_Spell8</ScreenID>
		<RelativePosition>true</RelativePosition>
		<Location>
			<X>390</X>
			<Y>24</Y>
		</Location>
		<Size>
			<CX>23</CX>
			<CY>23</CY>
		</Size>
		<Style_Transparent>false</Style_Transparent>
		<Style_Checkbox>false</Style_Checkbox>
		<!--<RadioGroup/>-->
		<ButtonDrawTemplate>
			<Normal>BlueIconBackground</Normal>
		  <!--<NormalDecal>BuffIcons</NormalDecal>-->
		</ButtonDrawTemplate>
		<!--<SoundPressed/>-->
		<!--<SoundUp/>-->
		<!--<SoundFlyby/>-->
		<DecalOffset>
			<X>0</X>
			<Y>0</Y>
		</DecalOffset>
		<DecalSize>
			<CX>23</CX>
			<CY>23</CY>
		</DecalSize>
	</Button>
	<StaticText item="SBW_SpellName8">
		<ScreenID>SBW_SpellName8</ScreenID>
		<Font>3</Font>
		<RelativePosition>true</RelativePosition>
		<Location>
			<X>216</X>
			<Y>28</Y>
		</Location>
		<Size>
			<CX>170</CX>
			<CY>16</CY>
		</Size>
		<TextColor>
			<R>255</R>
			<G>255</G>
			<B>255</B>
		</TextColor>
		<Text>Complete Healing</Text>
		<NoWrap>true</NoWrap>
		<AlignCenter>false</AlignCenter>
		<AlignRight>true</AlignRight>
		<AlignLeft>false</AlignLeft>
	</StaticText>
	<Button item="SBW_Spell9">
		<ScreenID>SBW_Spell9</ScreenID>
		<RelativePosition>true</RelativePosition>
		<Location>
			<X>390</X>
			<Y>48</Y>
		</Location>
		<Size>
			<CX>23</CX>
			<CY>23</CY>
		</Size>
		<Style_Transparent>false</Style_Transparent>
		<Style_Checkbox>false</Style_Checkbox>
		<!--<RadioGroup/>-->
		<ButtonDrawTemplate>
			<Normal>BlueIconBackground</Normal>
		  <!--<NormalDecal>BuffIcons</NormalDecal>-->
		</ButtonDrawTemplate>
		<!--<SoundPressed/>-->
		<!--<SoundUp/>-->
		<!--<SoundFlyby/>-->
		<DecalOffset>
			<X>0</X>
			<Y>0</Y>
		</DecalOffset>
		<DecalSize>
			<CX>23</CX>
			<CY>23</CY>
		</DecalSize>
	</Button>
	<StaticText item="SBW_SpellName9">
		<ScreenID>SBW_SpellName9</ScreenID>
		<Font>3</Font>
		<RelativePosition>true</RelativePosition>
		<Location>
			<X>216</X>
			<Y>52</Y>
		</Location>
		<Size>
			<CX>170</CX>
			<CY>16</CY>
		</Size>
		<TextColor>
			<R>255</R>
			<G>255</G>
			<B>255</B>
		</TextColor>
		<Text>Complete Healing</Text>
		<NoWrap>true</NoWrap>
		<AlignCenter>false</AlignCenter>
		<AlignRight>true</AlignRight>
		<AlignLeft>false</AlignLeft>
	</StaticText>
	<Button item="SBW_Spell10">
		<ScreenID>SBW_Spell10</ScreenID>
		<RelativePosition>true</RelativePosition>
		<Location>
			<X>390</X>
			<Y>72</Y>
		</Location>
		<Size>
			<CX>23</CX>
			<CY>23</CY>
		</Size>
		<Style_Transparent>false</Style_Transparent>
		<Style_Checkbox>false</Style_Checkbox>
		<!--<RadioGroup/>-->
		<ButtonDrawTemplate>
			<Normal>BlueIconBackground</Normal>
		  <!--<NormalDecal>BuffIcons</NormalDecal>-->
		</ButtonDrawTemplate>
		<!--<SoundPressed/>-->
		<!--<SoundUp/>-->
		<!--<SoundFlyby/>-->
		<DecalOffset>
			<X>0</X>
			<Y>0</Y>
		</DecalOffset>
		<DecalSize>
			<CX>23</CX>
			<CY>23</CY>
		</DecalSize>
	</Button>
	<StaticText item="SBW_SpellName10">
		<ScreenID>SBW_SpellName10</ScreenID>
		<Font>3</Font>
		<RelativePosition>true</RelativePosition>
		<Location>
			<X>216</X>
			<Y>76</Y>
		</Location>
		<Size>
			<CX>170</CX>
			<CY>16</CY>
		</Size>
		<TextColor>
			<R>255</R>
			<G>255</G>
			<B>255</B>
		</TextColor>
		<Text>Complete Healing</Text>
		<NoWrap>true</NoWrap>
		<AlignCenter>false</AlignCenter>
		<AlignRight>true</AlignRight>
		<AlignLeft>false</AlignLeft>
	</StaticText>
	<Button item="SBW_Spell11">
		<ScreenID>SBW_Spell11</ScreenID>
		<RelativePosition>true</RelativePosition>
		<Location>
			<X>390</X>
			<Y>96</Y>
		</Location>
		<Size>
			<CX>23</CX>
			<CY>23</CY>
		</Size>
		<Style_Transparent>false</Style_Transparent>
		<Style_Checkbox>false</Style_Checkbox>
		<!--<RadioGroup/>-->
		<ButtonDrawTemplate>
			<Normal>BlueIconBackground</Normal>
		  <!--<NormalDecal>BuffIcons</NormalDecal>-->
		</ButtonDrawTemplate>
		<!--<SoundPressed/>-->
		<!--<SoundUp/>-->
		<!--<SoundFlyby/>-->
		<DecalOffset>
			<X>0</X>
			<Y>0</Y>
		</DecalOffset>
		<DecalSize>
			<CX>23</CX>
			<CY>23</CY>
		</DecalSize>
	</Button>
	<StaticText item="SBW_SpellName11">
		<ScreenID>SBW_SpellName11</ScreenID>
		<Font>3</Font>
		<RelativePosition>true</RelativePosition>
		<Location>
			<X>216</X>
			<Y>100</Y>
		</Location>
		<Size>
			<CX>170</CX>
			<CY>16</CY>
		</Size>
		<TextColor>
			<R>255</R>
			<G>255</G>
			<B>255</B>
		</TextColor>
		<Text>Complete Healing</Text>
		<NoWrap>true</NoWrap>
		<AlignCenter>false</AlignCenter>
		<AlignRight>true</AlignRight>
		<AlignLeft>false</AlignLeft>
	</StaticText>
	<Button item="SBW_Spell12">
		<ScreenID>SBW_Spell12</ScreenID>
		<RelativePosition>true</RelativePosition>
		<Location>
			<X>390</X>
			<Y>120</Y>
		</Location>
		<Size>
			<CX>23</CX>
			<CY>23</CY>
		</Size>
		<Style_Transparent>false</Style_Transparent>
		<Style_Checkbox>false</Style_Checkbox>
		<!--<RadioGroup/>-->
		<ButtonDrawTemplate>
			<Normal>BlueIconBackground</Normal>
		  <!--<NormalDecal>BuffIcons</NormalDecal>-->
		</ButtonDrawTemplate>
		<!--<SoundPressed/>-->
		<!--<SoundUp/>-->
		<!--<SoundFlyby/>-->
		<DecalOffset>
			<X>0</X>
			<Y>0</Y>
		</DecalOffset>
		<DecalSize>
			<CX>23</CX>
			<CY>23</CY>
		</DecalSize>
	</Button>
	<StaticText item="SBW_SpellName12">
		<ScreenID>SBW_SpellName12</ScreenID>
		<Font>3</Font>
		<RelativePosition>true</RelativePosition>
		<Location>
			<X>216</X>
			<Y>124</Y>
		</Location>
		<Size>
			<CX>170</CX>
			<CY>16</CY>
		</Size>
		<TextColor>
			<R>255</R>
			<G>255</G>
			<B>255</B>
		</TextColor>
		<Text>Complete Healing</Text>
		<NoWrap>true</NoWrap>
		<AlignCenter>false</AlignCenter>
		<AlignRight>true</AlignRight>
		<AlignLeft>false</AlignLeft>
	</StaticText>
	<Button item="SBW_Spell13">
		<ScreenID>SBW_Spell13</ScreenID>
		<RelativePosition>true</RelativePosition>
		<Location>
			<X>390</X>
			<Y>144</Y>
		</Location>
		<Size>
			<CX>23</CX>
			<CY>23</CY>
		</Size>
		<Style_Transparent>false</Style_Transparent>
		<Style_Checkbox>false</Style_Checkbox>
		<!--<RadioGroup/>-->
		<ButtonDrawTemplate>
			<Normal>BlueIconBackground</Normal>
		  <!--<NormalDecal>BuffIcons</NormalDecal>-->
		</ButtonDrawTemplate>
		<!--<SoundPressed/>-->
		<!--<SoundUp/>-->
		<!--<SoundFlyby/>-->
		<DecalOffset>
			<X>0</X>
			<Y>0</Y>
		</DecalOffset>
		<DecalSize>
			<CX>23</CX>
			<CY>23</CY>
		</DecalSize>
	</Button>
	<StaticText item="SBW_SpellName13">
		<ScreenID>SBW_SpellName13</ScreenID>
		<Font>3</Font>
		<RelativePosition>true</RelativePosition>
		<Location>
			<X>216</X>
			<Y>148</Y>
		</Location>
		<Size>
			<CX>170</CX>
			<CY>16</CY>
		</Size>
		<TextColor>
			<R>255</R>
			<G>255</G>
			<B>255</B>
		</TextColor>
		<Text>Complete Healing</Text>
		<NoWrap>true</NoWrap>
		<AlignCenter>false</AlignCenter>
		<AlignRight>true</AlignRight>
		<AlignLeft>false</AlignLeft>
	</StaticText>
	<Button item="SBW_Spell14">
		<ScreenID>SBW_Spell14</ScreenID>
		<RelativePosition>true</RelativePosition>
		<Location>
			<X>390</X>
			<Y>168</Y>
		</Location>
		<Size>
			<CX>23</CX>
			<CY>23</CY>
		</Size>
		<Style_Transparent>false</Style_Transparent>
		<Style_Checkbox>false</Style_Checkbox>
		<!--<RadioGroup/>-->
		<ButtonDrawTemplate>
			<Normal>BlueIconBackground</Normal>
		  <!--<NormalDecal>BuffIcons</NormalDecal>-->
		</ButtonDrawTemplate>
		<!--<SoundPressed/>-->
		<!--<SoundUp/>-->
		<!--<SoundFlyby/>-->
		<DecalOffset>
			<X>0</X>
			<Y>0</Y>
		</DecalOffset>
		<DecalSize>
			<CX>23</CX>
			<CY>23</CY>
		</DecalSize>
	</Button>
	<StaticText item="SBW_SpellName14">
		<ScreenID>SBW_SpellName14</ScreenID>
		<Font>3</Font>
		<RelativePosition>true</RelativePosition>
		<Location>
			<X>216</X>
			<Y>172</Y>
		</Location>
		<Size>
			<CX>170</CX>
			<CY>16</CY>
		</Size>
		<TextColor>
			<R>255</R>
			<G>255</G>
			<B>255</B>
		</TextColor>
		<Text>Complete Healing</Text>
		<NoWrap>true</NoWrap>
		<AlignCenter>false</AlignCenter>
		<AlignRight>true</AlignRight>
		<AlignLeft>false</AlignLeft>
	</StaticText>
	<Button item="SBW_Spell15">
		<ScreenID>SBW_Spell15</ScreenID>
		<RelativePosition>true</RelativePosition>
		<Location>
			<X>390</X>
			<Y>192</Y>
		</Location>
		<Size>
			<CX>23</CX>
			<CY>23</CY>
		</Size>
		<Style_Transparent>false</Style_Transparent>
		<Style_Checkbox>false</Style_Checkbox>
		<!--<RadioGroup/>-->
		<ButtonDrawTemplate>
			<Normal>BlueIconBackground</Normal>
		  <!--<NormalDecal>BuffIcons</NormalDecal>-->
		</ButtonDrawTemplate>
		<!--<SoundPressed/>-->
		<!--<SoundUp/>-->
		<!--<SoundFlyby/>-->
		<DecalOffset>
			<X>0</X>
			<Y>0</Y>
		</DecalOffset>
		<DecalSize>
			<CX>23</CX>
			<CY>23</CY>
		</DecalSize>
	</Button>
	<StaticText item="SBW_SpellName15">
		<ScreenID>SBW_SpellName15</ScreenID>
		<Font>3</Font>
		<RelativePosition>true</RelativePosition>
		<Location>
			<X>216</X>
			<Y>196</Y>
		</Location>
		<Size>
			<CX>170</CX>
			<CY>16</CY>
		</Size>
		<TextColor>
			<R>255</R>
			<G>255</G>
			<B>255</B>
		</TextColor>
		<Text>Complete Healing</Text>
		<NoWrap>true</NoWrap>
		<AlignCenter>false</AlignCenter>
		<AlignRight>true</AlignRight>
		<AlignLeft>false</AlignLeft>
	</StaticText>
 
	<!--******************************************-->
	<Screen item="SpellBookWnd">
		<!--<ScreenID/>-->
		<RelativePosition>false</RelativePosition>
		<Location>
			<X>150</X>
			<Y>0</Y>
		</Location>
		<Size>
			<CX>420</CX>
			<CY>220</CY>
		</Size>
		<Text>Spell Book</Text>
		<Style_VScroll>false</Style_VScroll>
		<Style_HScroll>false</Style_HScroll>
		<Style_Transparent>false</Style_Transparent>
		<!--<TooltipReference>Your Spell Book</TooltipReference>-->
		<DrawTemplate>WDT_RoundedNoTitle</DrawTemplate>
		<Style_Titlebar>false</Style_Titlebar>
		<Style_Closebox>false</Style_Closebox>
		<Style_Minimizebox>false</Style_Minimizebox>
		<Style_Border>false</Style_Border>
		<Style_Sizable>false</Style_Sizable>

		<!-- Phorm Background -->
		<Pieces>phorm_SpellBookWnd</Pieces>
		<!-- Spell Book Buttons -->
		<Pieces>SBW_LeftPageNum</Pieces>
		<Pieces>SBW_RightPageNum</Pieces>
		<Pieces>SBW_DoneButton</Pieces>
		<Pieces>SBW_PageDown_Button</Pieces>
		<Pieces>SBW_PageUp_Button</Pieces>
		<!-- Spell Book Guages -->
		<Pieces>SBW_Scribe_Gauge</Pieces>
		<Pieces>SBW_Memorize_Gauge</Pieces>
		<!-- Spells -->
		<Pieces>SBW_Spell0</Pieces>
		<Pieces>SBW_Spell1</Pieces>
		<Pieces>SBW_Spell2</Pieces>
		<Pieces>SBW_Spell3</Pieces>
		<Pieces>SBW_Spell4</Pieces>
		<Pieces>SBW_Spell5</Pieces>
		<Pieces>SBW_Spell6</Pieces>
		<Pieces>SBW_Spell7</Pieces>
		<Pieces>SBW_Spell8</Pieces>
		<Pieces>SBW_Spell9</Pieces>
		<Pieces>SBW_Spell10</Pieces>
		<Pieces>SBW_Spell11</Pieces>
		<Pieces>SBW_Spell12</Pieces>
		<Pieces>SBW_Spell13</Pieces>
		<Pieces>SBW_Spell14</Pieces>
		<Pieces>SBW_Spell15</Pieces>
		<Pieces>SBW_SpellName0</Pieces>
		<Pieces>SBW_SpellName1</Pieces>
		<Pieces>SBW_SpellName2</Pieces>
		<Pieces>SBW_SpellName3</Pieces>
		<Pieces>SBW_SpellName4</Pieces>
		<Pieces>SBW_SpellName5</Pieces>
		<Pieces>SBW_SpellName6</Pieces>
		<Pieces>SBW_SpellName7</Pieces>
		<Pieces>SBW_SpellName8</Pieces>
		<Pieces>SBW_SpellName9</Pieces>
		<Pieces>SBW_SpellName10</Pieces>
		<Pieces>SBW_SpellName11</Pieces>
		<Pieces>SBW_SpellName12</Pieces>
		<Pieces>SBW_SpellName13</Pieces>
		<Pieces>SBW_SpellName14</Pieces>
		<Pieces>SBW_SpellName15</Pieces>
	</Screen>
</XML>