<?xml version="1.0" encoding="us-ascii"?>
<XML ID="EQInterfaceDefinitionLanguage">
	<Schema xmlns="EverQuestData" xmlns:dt="EverQuestDataTypes" />
	<!-- Phorm Background -->
	<TextureInfo item="phorm_PlayerWindow.tga">
		<Size>
			<CX>512</CX>
			<CY>128</CY>
		</Size>
	</TextureInfo>
	<Ui2DAnimation item="phorm_PlayerWindow">
		<Frames>
			<Texture>phorm_PlayerWindow.tga</Texture>
			<Location>
				<X>0</X>
				<Y>0</Y>
			</Location>
			<Size>
				<CX>280</CX>
				<CY>100</CY>
			</Size>
			<Hotspot>
				<X>0</X>
				<Y>0</Y>
			</Hotspot>
		</Frames>
	</Ui2DAnimation>
	<StaticAnimation item="phorm_PlayerWindow">
		<ScreenID>phorm_PlayerWindow</ScreenID>
		<RelativePosition>true</RelativePosition>
			<Location>
				<X>0</X>
				<Y>0</Y>
			</Location>
			<Size>
				<CX>280</CX>
				<CY>100</CY>
			</Size>
		<Animation>phorm_PlayerWindow</Animation>
	</StaticAnimation>
	<!--<TextureInfo item="AttackIndicator.tga">
    <Size>
      <CX>226</CX>
      <CY>226</CY>
    </Size>
  </TextureInfo>
  <Ui2DAnimation item="A_AttackIndicator">
    <Cycle>false</Cycle>
    <Frames>
      <Texture>AttackIndicator.tga</Texture>
      <Location>
        <X>0</X>
        <Y>0</Y>
      </Location>
      <Size>
        <CX>226</CX>
        <CY>42</CY>
      </Size>
    </Frames>
  </Ui2DAnimation>
  <StaticAnimation item="A_AttackIndicatorAnim">
    <ScreenID>A_AttackIndicatorAnim</ScreenID>
    <Animation>A_AttackIndicator</Animation>
    <Size>
      <CX>1</CX>
      <CY>1</CY>
    </Size>
    <Location>
      <X>3</X>
      <Y>-1</Y>
    </Location>
  </StaticAnimation>-->
	<!-- Player HP Gauge -->
	<Ui2DAnimation item="PW_GaugeFill1">
		<Cycle>true</Cycle>
		<Frames>
			<Texture>dzbars.png</Texture>
			<Location>
				<X>-2000</X>
				<Y>120</Y>
			</Location>
			<Size>
				<CX>10000</CX>
				<CY>20</CY>
			</Size>
			<Hotspot>
				<X>0</X>
				<Y>0</Y>
			</Hotspot>
			<Duration>1000</Duration>
		</Frames>
	</Ui2DAnimation>
	<Ui2DAnimation item="PW_GaugeFill2">
		<Cycle>true</Cycle>
		<Frames>
			<Texture>dzbars.png</Texture>
			<Location>
				<X>-4000</X>
				<Y>120</Y>
			</Location>
			<Size>
				<CX>10000</CX>
				<CY>20</CY>
			</Size>
			<Hotspot>
				<X>0</X>
				<Y>0</Y>
			</Hotspot>
			<Duration>1000</Duration>
		</Frames>
	</Ui2DAnimation>
	<Ui2DAnimation item="PW_GaugeFill3">
		<Cycle>true</Cycle>
		<Frames>
			<Texture>dzbars.png</Texture>
			<Location>
				<X>-6000</X>
				<Y>120</Y>
			</Location>
			<Size>
				<CX>10000</CX>
				<CY>20</CY>
			</Size>
			<Hotspot>
				<X>0</X>
				<Y>0</Y>
			</Hotspot>
			<Duration>1000</Duration>
		</Frames>
	</Ui2DAnimation>
	<Ui2DAnimation item="PW_GaugeFill4">
		<Cycle>true</Cycle>
		<Frames>
			<Texture>dzbars.png</Texture>
			<Location>
				<X>-8000</X>
				<Y>120</Y>
			</Location>
			<Size>
				<CX>10000</CX>
				<CY>20</CY>
			</Size>
			<Hotspot>
				<X>0</X>
				<Y>0</Y>
			</Hotspot>
			<Duration>1000</Duration>
		</Frames>
	</Ui2DAnimation>
	<!-- Nillipuss Color Bar start -->
	<Gauge item="Player_HP_BG">
		<ScreenID>PlayerHP</ScreenID>
		<RelativePosition>true</RelativePosition>
		<Location>
			<X>7</X>
			<Y>5</Y>
		</Location>
		<Size>
			<CX>240</CX>
			<CY>36</CY>
		</Size>
		<!-- Name Plate Text (Background)-->
		<TextOffsetX>23</TextOffsetX>
		<TextOffsetY>1</TextOffsetY>
		<Font>4</Font>
		<TextColor>
			<R>0</R>
			<G>0</G>
			<B>0</B>
		</TextColor>		
		<!-- HP Gauge Background -->  
		<GaugeOffsetX>0</GaugeOffsetX>
		<GaugeOffsetY>18</GaugeOffsetY>
		<Style_VScroll>false</Style_VScroll>
		<Style_HScroll>false</Style_HScroll>
		<Style_Transparent>false</Style_Transparent>
		<!--<TooltipReference/>-->
		<FillTint>
			<R>240</R>
			<G>0</G>
			<B>0</B>
		</FillTint>
		<LinesFillTint>
			<R>255</R>
			<G>153</G>
			<B>204</B>
		</LinesFillTint>
		<DrawLinesFill>false</DrawLinesFill>
		<EQType>1</EQType>
		<GaugeDrawTemplate>
			<Background>Nill_HP_BG</Background>
		</GaugeDrawTemplate>
	</Gauge>
	<Gauge item="Player_HP_0">
		<RelativePosition>true</RelativePosition>
		<Location>
			<X>7</X>
			<Y>23</Y>
		</Location>
		<Size>
			<CX>240</CX>
			<CY>18</CY>
		</Size>
		<GaugeOffsetX>0</GaugeOffsetX>
		<GaugeOffsetY>0</GaugeOffsetY>
		<Text />
		<TextOffsetX>8000</TextOffsetX>
		<Style_VScroll>false</Style_VScroll>
		<Style_HScroll>false</Style_HScroll>
		<Style_Transparent>false</Style_Transparent>
		<FillTint>
			<R>240</R>
			<G>0</G>
			<B>0</B>
		</FillTint>
		<LinesFillTint>
			<R>0</R>
			<G>0</G>
			<B>0</B>
		</LinesFillTint>
		<DrawLinesFill>false</DrawLinesFill>
		<EQType>1</EQType>
		<GaugeDrawTemplate>
			<Fill>A_dzLongFill</Fill>
		</GaugeDrawTemplate>
	</Gauge>
	<Gauge item="Player_HP_1A">
		<RelativePosition>true</RelativePosition>
		<Location>
			<X>0</X>
			<Y>0</Y>
		</Location>
		<Size>
			<CX>8000</CX>
			<CY>20</CY>
		</Size>
		<GaugeOffsetX>-2000</GaugeOffsetX>
		<GaugeOffsetY>0</GaugeOffsetY>
		<TextOffsetX>8000</TextOffsetX>
		<Style_VScroll>false</Style_VScroll>
		<Style_HScroll>false</Style_HScroll>
		<Style_Transparent>false</Style_Transparent>
		<FillTint>
			<R>240</R>
			<G>102</G>
			<B>0</B>
		</FillTint>
		<LinesFillTint>
			<R>0</R>
			<G>0</G>
			<B>0</B>
		</LinesFillTint>
		<DrawLinesFill>false</DrawLinesFill>
		<EQType>1</EQType>
		<GaugeDrawTemplate>
			<Fill>PW_GaugeFill1</Fill>
		</GaugeDrawTemplate>
	</Gauge>
	<Screen item="Player_HP_1A_X">
		<RelativePosition>true</RelativePosition>
		<Location>
			<X>7</X>
			<Y>23</Y>
		</Location>
		<Size>
			<CX>48</CX>
			<CY>18</CY>
		</Size>
		<Style_Transparent>true</Style_Transparent>
		<Pieces>Player_HP_1A</Pieces>
	</Screen>
	<Gauge item="Player_HP_1B">
		<RelativePosition>true</RelativePosition>
		<Location>
				<X>55</X>
				<Y>23</Y>
		</Location>
		<Size>
				<CX>192</CX>
				<CY>18</CY>
		</Size>
		<GaugeOffsetX>-48</GaugeOffsetX>
		<GaugeOffsetY>0</GaugeOffsetY>
		<Text />
		<TextOffsetY>8000</TextOffsetY>
		<Style_VScroll>false</Style_VScroll>
		<Style_HScroll>false</Style_HScroll>
		<Style_Transparent>false</Style_Transparent>
		<!--<TooltipReference/>-->
		<FillTint>
			<R>240</R>
			<G>102</G>
			<B>0</B>
		</FillTint>
		<LinesFillTint>
			<R>0</R>
			<G>0</G>
			<B>0</B>
		</LinesFillTint>
		<DrawLinesFill>false</DrawLinesFill>
		<EQType>1</EQType>
		<GaugeDrawTemplate>
			<Fill>A_dzLongFill</Fill>
		</GaugeDrawTemplate>
	</Gauge>
	<Gauge item="Player_HP_2A">
		<RelativePosition>true</RelativePosition>
		<Location>
			<X>0</X>
			<Y>0</Y>
		</Location>
		<Size>
			<CX>6000</CX>
			<CY>20</CY>
		</Size>
		<GaugeOffsetX>-4000</GaugeOffsetX>
		<GaugeOffsetY>0</GaugeOffsetY>
		<TextOffsetY>8000</TextOffsetY>
		<Style_VScroll>false</Style_VScroll>
		<Style_HScroll>false</Style_HScroll>
		<Style_Transparent>false</Style_Transparent>
		<FillTint>
			<R>240</R>
			<G>240</G>
			<B>0</B>
		</FillTint>
		<LinesFillTint>
			<R>0</R>
			<G>0</G>
			<B>0</B>
		</LinesFillTint>
		<DrawLinesFill>false</DrawLinesFill>
		<EQType>1</EQType>
		<GaugeDrawTemplate>
			<Fill>PW_GaugeFill2</Fill>
		</GaugeDrawTemplate>
	</Gauge>
	<Screen item="Player_HP_2A_X">
		<RelativePosition>true</RelativePosition>
		<Location>
			<X>7</X>
			<Y>23</Y>
		</Location>
		<Size>
			<CX>96</CX>
			<CY>18</CY>
		</Size>
		<Style_Transparent>true</Style_Transparent>
		<Pieces>Player_HP_2A</Pieces>
	</Screen>
	<Gauge item="Player_HP_2B">
		<RelativePosition>true</RelativePosition>
		<Location>
			<X>103</X>
			<Y>23</Y>
		</Location>
		<Size>
			<CX>144</CX>
			<CY>18</CY>
		</Size>
		<GaugeOffsetX>-96</GaugeOffsetX>
		<GaugeOffsetY>0</GaugeOffsetY>
		<Text />
		<TextOffsetY>8000</TextOffsetY>
		<Style_VScroll>false</Style_VScroll>
		<Style_HScroll>false</Style_HScroll>
		<Style_Transparent>false</Style_Transparent>
		<!--<TooltipReference/>-->
		<FillTint>
			<R>240</R>
			<G>240</G>
			<B>0</B>
		</FillTint>
		<LinesFillTint>
			<R>0</R>
			<G>0</G>
			<B>0</B>
		</LinesFillTint>
		<DrawLinesFill>false</DrawLinesFill>
		<EQType>1</EQType>
		<GaugeDrawTemplate>
			<Fill>A_dzLongFill</Fill>
		</GaugeDrawTemplate>
	</Gauge>
	<Gauge item="Player_HP_3A">
		<RelativePosition>true</RelativePosition>
		<Location>
			<X>0</X>
			<Y>0</Y>
		</Location>
		<Size>
			<CX>4000</CX>
			<CY>20</CY>
		</Size>
		<GaugeOffsetX>-6000</GaugeOffsetX>
		<GaugeOffsetY>0</GaugeOffsetY>
		<TextOffsetY>8000</TextOffsetY>
		<Style_VScroll>false</Style_VScroll>
		<Style_HScroll>false</Style_HScroll>
		<Style_Transparent>false</Style_Transparent>
		<FillTint>
			<R>173</R>
			<G>255</G>
			<B>47</B>
		</FillTint>
		<LinesFillTint>
			<R>0</R>
			<G>0</G>
			<B>0</B>
		</LinesFillTint>
		<DrawLinesFill>false</DrawLinesFill>
		<EQType>1</EQType>
		<GaugeDrawTemplate>
			<Fill>PW_GaugeFill3</Fill>
		</GaugeDrawTemplate>
	</Gauge>
	<Screen item="Player_HP_3A_X">
		<RelativePosition>true</RelativePosition>
		<Location>
			<X>7</X>
			<Y>23</Y>
		</Location>
		<Size>
			<CX>144</CX>
			<CY>18</CY>
		</Size>
		<Style_Transparent>true</Style_Transparent>
		<Pieces>Player_HP_3A</Pieces>
	</Screen>
	<Gauge item="Player_HP_3B">
		<RelativePosition>true</RelativePosition>
		<Location>
			<X>151</X>
			<Y>23</Y>
		</Location>
		<Size>
			<CX>96</CX>
			<CY>18</CY>
		</Size>
		<GaugeOffsetX>-144</GaugeOffsetX>
		<GaugeOffsetY>0</GaugeOffsetY>
		<Text />
		<TextOffsetY>8000</TextOffsetY>
		<Style_VScroll>false</Style_VScroll>
		<Style_HScroll>false</Style_HScroll>
		<Style_Transparent>false</Style_Transparent>
		<!--<TooltipReference/>-->
		<FillTint>
			<R>173</R>
			<G>255</G>
			<B>47</B>
		</FillTint>
		<LinesFillTint>
			<R>0</R>
			<G>0</G>
			<B>0</B>
		</LinesFillTint>
		<DrawLinesFill>false</DrawLinesFill>
		<EQType>1</EQType>
		<GaugeDrawTemplate>
			<Fill>A_dzLongFill</Fill>
		</GaugeDrawTemplate>
	</Gauge>
	<Gauge item="Player_HP_4A">
		<RelativePosition>true</RelativePosition>
		<Location>
			<X>0</X>
			<Y>0</Y>
		</Location>
		<Size>
			<CX>2000</CX>
			<CY>20</CY>
		</Size>
		<GaugeOffsetX>-8000</GaugeOffsetX>
		<GaugeOffsetY>0</GaugeOffsetY>
		<TextOffsetY>8000</TextOffsetY>
		<Style_VScroll>false</Style_VScroll>
		<Style_HScroll>false</Style_HScroll>
		<Style_Transparent>false</Style_Transparent>
		<FillTint>
			<R>0</R>
			<G>240</G>
			<B>0</B>
		</FillTint>
		<LinesFillTint>
			<R>0</R>
			<G>0</G>
			<B>0</B>
		</LinesFillTint>
		<DrawLinesFill>false</DrawLinesFill>
		<EQType>1</EQType>
		<GaugeDrawTemplate>
			<Fill>PW_GaugeFill4</Fill>
		</GaugeDrawTemplate>
	</Gauge>
	<Screen item="Player_HP_4A_X">
		<RelativePosition>true</RelativePosition>
		<Location>
			<X>7</X>
			<Y>23</Y>
		</Location>
		<Size>
			<CX>192</CX>
			<CY>18</CY>
		</Size>
		<Style_Transparent>true</Style_Transparent>
		<Pieces>Player_HP_4A</Pieces>
	</Screen>
	<Gauge item="Player_HP_4B">
		<RelativePosition>true</RelativePosition>
		<Location>
			<X>199</X>
			<Y>23</Y>
		</Location>
		<Size>
			<CX>48</CX>
			<CY>18</CY>
		</Size>
		<GaugeOffsetX>-192</GaugeOffsetX>
		<GaugeOffsetY>0</GaugeOffsetY>
		<Text />
		<TextOffsetY>8000</TextOffsetY>
		<Style_VScroll>false</Style_VScroll>
		<Style_HScroll>false</Style_HScroll>
		<Style_Transparent>false</Style_Transparent>
		<!--<TooltipReference/>-->
		<FillTint>
			<R>0</R>
			<G>240</G>
			<B>0</B>
		</FillTint>
		<LinesFillTint>
			<R>0</R>
			<G>0</G>
			<B>0</B>
		</LinesFillTint>
		<DrawLinesFill>false</DrawLinesFill>
		<EQType>1</EQType>
		<GaugeDrawTemplate>
			<Fill>A_dzLongFill</Fill>
		</GaugeDrawTemplate>
	</Gauge>
	<!-- Player Name and Class -->
    <Label item="PW_F1">
		<Font>2</Font>
		<RelativePosition>true</RelativePosition>
		<Location>
			<X>7</X>
			<Y>6</Y>
		</Location>
		<Size>
			<CX>20</CX>
			<CY>16</CY>
		</Size>
		<Text>F1</Text>
		<TextColor>
			<R>255</R>
			<G>255</G>
			<B>255</B>
		</TextColor>
		<NoWrap>true</NoWrap>
		<AlignCenter>true</AlignCenter>
		<AlignRight>false</AlignRight>
		<AlignLeft>false</AlignLeft>
		<Style_Tooltip>false</Style_Tooltip>
	</Label>
    <Label item="PW_F1BG">
		<Font>2</Font>
		<RelativePosition>true</RelativePosition>
		<Location>
			<X>8</X>
			<Y>7</Y>
		</Location>
		<Size>
			<CX>20</CX>
			<CY>16</CY>
		</Size>
		<Text>F1</Text>
		<TextColor>
			<R>0</R>
			<G>0</G>
			<B>0</B>
		</TextColor>
		<NoWrap>true</NoWrap>
		<AlignCenter>true</AlignCenter>
		<AlignRight>false</AlignRight>
		<AlignLeft>false</AlignLeft>
		<Style_Tooltip>false</Style_Tooltip>
	</Label>
	<Label item="PW_NameText">
		<Font>4</Font>
		<RelativePosition>true</RelativePosition>
		<EQType>1</EQType>
		<Location>
			<X>29</X>
			<Y>5</Y>
		</Location>
		<Size>
			<CX>112</CX>
			<CY>16</CY>
		</Size>
		<TextColor>
			<R>255</R>
			<G>255</G>
			<B>255</B>
		</TextColor>
		<NoWrap>true</NoWrap>
		<AlignCenter>false</AlignCenter>
		<AlignRight>false</AlignRight>
		<AlignLeft>true</AlignLeft>
		<Text>Playername123456g</Text>
		<!-- PW_NameText Background is built into Player_HP_BG -->
	</Label>
	<Label item="PW_Class">
		<ScreenID>ClassDiety</ScreenID>
		<EQType>3</EQType>
		<Font>4</Font>
		<RelativePosition>true</RelativePosition>
		<Location>
			<X>141</X>
			<Y>5</Y>
		</Location>
		<Size>
			<CX>129</CX>
			<CY>16</CY>
		</Size>
		<Text>Class</Text>
		<TextColor>
			<R>255</R>
			<G>255</G>
			<B>255</B>
		</TextColor>
		<NoWrap>true</NoWrap>
		<AlignCenter>false</AlignCenter>
		<AlignRight>true</AlignRight>
		<AlignLeft>false</AlignLeft>
	</Label>
	<Label item="PW_ClassBG">
		<ScreenID>ClassDiety</ScreenID>
		<EQType>3</EQType>
		<Font>4</Font>
		<RelativePosition>true</RelativePosition>
		<Location>
			<X>142</X>
			<Y>6</Y>
		</Location>
		<Size>
			<CX>129</CX>
			<CY>16</CY>
		</Size>
		<Text>Class</Text>
		<TextColor>
			<R>0</R>
			<G>0</G>
			<B>0</B>
		</TextColor>
		<NoWrap>true</NoWrap>
		<AlignCenter>false</AlignCenter>
		<AlignRight>true</AlignRight>
		<AlignLeft>false</AlignLeft>
	</Label>
	<!-- Player HP Labels -->
	<Label item="PW_HPNumbers">
		<ScreenID>HPNumbers</ScreenID>
		<EQType>17</EQType>
		<Font>3</Font>
		<RelativePosition>true</RelativePosition>
		<Location>
			<X>7</X>
			<Y>24</Y>
		</Location>
		<Size>
			<CX>115</CX>
			<CY>16</CY>
		</Size>
		<Text>0</Text>
		<TextColor>
			<R>240</R>
			<G>240</G>
			<B>240</B>
		</TextColor>
		<NoWrap>true</NoWrap>
		<AlignCenter>false</AlignCenter>
		<AlignRight>true</AlignRight>
		<AlignLeft>false</AlignLeft>
	</Label>
	<Label item="PW_HPNumbersBG">
		<ScreenID>HPNumbers</ScreenID>
		<EQType>17</EQType>
		<Font>3</Font>
		<RelativePosition>true</RelativePosition>
		<Location>
			<X>8</X>
			<Y>25</Y>
		</Location>
		<Size>
			<CX>115</CX>
			<CY>16</CY>
		</Size>
		<Text>0</Text>
		<TextColor>
			<R>0</R>
			<G>0</G>
			<B>0</B>
		</TextColor>
		<NoWrap>true</NoWrap>
		<AlignCenter>false</AlignCenter>
		<AlignRight>true</AlignRight>
		<AlignLeft>false</AlignLeft>
	</Label>
	<Label item="PW_HPSlashLabel">
		<Font>3</Font>
		<RelativePosition>true</RelativePosition>
		<Location>
			<X>7</X>
			<Y>24</Y>
		</Location>
		<Size>
			<CX>240</CX>
			<CY>16</CY>
		</Size>
		<Text>/</Text>
		<TextColor>
			<R>240</R>
			<G>240</G>
			<B>240</B>
		</TextColor>
		<NoWrap>true</NoWrap>
		<AlignCenter>true</AlignCenter>
		<AlignRight>false</AlignRight>
		<AlignLeft>false</AlignLeft>
	</Label>
	<Label item="PW_HPSlashLabelBG">
		<Font>3</Font>
		<RelativePosition>true</RelativePosition>
		<Location>
			<X>8</X>
			<Y>24</Y>
		</Location>
		<Size>
			<CX>240</CX>
			<CY>16</CY>
		</Size>
		<Text>/</Text>
		<TextColor>
			<R>0</R>
			<G>0</G>
			<B>0</B>
		</TextColor>
		<NoWrap>true</NoWrap>
		<AlignCenter>true</AlignCenter>
		<AlignRight>false</AlignRight>
		<AlignLeft>false</AlignLeft>
	</Label>
	<Label item="PW_HPNumbersTotal">
		<ScreenID>HPNumbers</ScreenID>
		<EQType>18</EQType>
		<Font>3</Font>
		<RelativePosition>true</RelativePosition>
		<Location>
			<X>132</X>
			<Y>24</Y>
		</Location>
		<Size>
			<CX>115</CX>
			<CY>16</CY>
		</Size>
		<Text>0</Text>
		<TextColor>
			<R>255</R>
			<G>255</G>
			<B>255</B>
		</TextColor>
		<NoWrap>true</NoWrap>
		<AlignCenter>false</AlignCenter>
		<AlignRight>false</AlignRight>
		<AlignLeft>true</AlignLeft>
	</Label>
	<Label item="PW_HPLabel">
		<ScreenID>HPLabel</ScreenID>
		<Font>3</Font>
		<EQType>19</EQType>
		<RelativePosition>true</RelativePosition>
		<Location>
			<X>250</X>
			<Y>24</Y>
		</Location>
		<Size>
			<CX>22</CX>
			<CY>16</CY>
		</Size>
		<Text>100</Text>
		<TextColor>
			<R>255</R>
			<G>255</G>
			<B>255</B>
		</TextColor>
		<NoWrap>true</NoWrap>
		<AlignCenter>true</AlignCenter>
		<AlignRight>false</AlignRight>
		<AlignLeft>false</AlignLeft>
	</Label>
	<Label item="PW_HPLabelBG">
		<ScreenID>HPLabel</ScreenID>
		<Font>3</Font>
		<EQType>19</EQType>
		<RelativePosition>true</RelativePosition>
		<Location>
			<X>251</X>
			<Y>25</Y>
		</Location>
		<Size>
			<CX>22</CX>
			<CY>16</CY>
		</Size>
		<Text>100</Text>
		<TextColor>
			<R>0</R>
			<G>0</G>
			<B>0</B>
		</TextColor>
		<NoWrap>true</NoWrap>
		<AlignCenter>true</AlignCenter>
		<AlignRight>false</AlignRight>
		<AlignLeft>false</AlignLeft>
	</Label>
	<!-- Player Mana and Labels -->
	<Gauge item="PW_ManaGauge">
		<ScreenID>PlayerMana</ScreenID>
		<!--<Font>3</Font>-->
		<RelativePosition>true</RelativePosition>
		<Location>
			<X>7</X>
			<Y>42</Y>
		</Location>
		<Size>
			<CX>240</CX>
			<CY>11</CY>
		</Size>
		<GaugeOffsetY>0</GaugeOffsetY>
		<Style_VScroll>false</Style_VScroll>
		<Style_HScroll>false</Style_HScroll>
		<Style_Transparent>false</Style_Transparent>
		<!--<TooltipReference/>-->
		<FillTint>
			<R>26</R>
			<G>159</G>
			<B>255</B>
		</FillTint>
		<LinesFillTint>
			<R>0</R>
			<G>220</G>
			<B>220</B>
		</LinesFillTint>
		<DrawLinesFill>false</DrawLinesFill>
		<EQType>2</EQType>
		<GaugeDrawTemplate>
			<Background>Nill_Mana_BG</Background>
			<Fill>A_dzThinLongFill</Fill>
			<!--<Lines>A_dzThinLongLines</Lines>-->
		</GaugeDrawTemplate>
	</Gauge>  
	<Label item="PW_ManaNumbersCurrent">
		<ScreenID>ManaNumbers</ScreenID>
		<EQType>124</EQType>
		<Font>3</Font>
		<RelativePosition>true</RelativePosition>
		<Location>
			<X>7</X>
			<Y>40</Y>
		</Location>
		<Size>
			<CX>115</CX>
			<CY>12</CY>
		</Size>
		<Text>0</Text>
		<TextColor>
			<R>240</R>
			<G>240</G>
			<B>240</B>
		</TextColor>
		<NoWrap>true</NoWrap>
		<AlignCenter>false</AlignCenter>
		<AlignRight>true</AlignRight>
		<AlignLeft>false</AlignLeft>
	</Label>
	<Label item="PW_ManaNumbersCurrentBG">
		<ScreenID>ManaNumbers</ScreenID>
		<EQType>124</EQType>
		<Font>3</Font>
		<RelativePosition>true</RelativePosition>
		<Location>
			<X>8</X>
			<Y>41</Y>
		</Location>
		<Size>
			<CX>115</CX>
			<CY>12</CY>
		</Size>
		<Text>0</Text>
		<TextColor>
			<R>0</R>
			<G>0</G>
			<B>0</B>
		</TextColor>
		<NoWrap>true</NoWrap>
		<AlignCenter>false</AlignCenter>
		<AlignRight>true</AlignRight>
		<AlignLeft>false</AlignLeft>
	</Label>
	<Label item="PW_ManaSlashLabel">
		<Font>3</Font>
		<RelativePosition>true</RelativePosition>
		<Location>
			<X>7</X>
			<Y>40</Y>
		</Location>
		<Size>
			<CX>240</CX>
			<CY>16</CY>
		</Size>
		<Text>/</Text>
		<TextColor>
			<R>240</R>
			<G>240</G>
			<B>240</B>
		</TextColor>
		<NoWrap>true</NoWrap>
		<AlignCenter>true</AlignCenter>
		<AlignRight>false</AlignRight>
		<AlignLeft>false</AlignLeft>
	</Label>
	<Label item="PW_ManaSlashLabelBG">
		<Font>3</Font>
		<RelativePosition>true</RelativePosition>
		<Location>
			<X>8</X>
			<Y>41</Y>
		</Location>
		<Size>
			<CX>240</CX>
			<CY>12</CY>
		</Size>
		<Text>/</Text>
		<TextColor>
			<R>0</R>
			<G>0</G>
			<B>0</B>
		</TextColor>
		<NoWrap>true</NoWrap>
		<AlignCenter>true</AlignCenter>
		<AlignRight>false</AlignRight>
		<AlignLeft>false</AlignLeft>
	</Label>
	<Label item="PW_ManaNumbersTotal">
		<ScreenID>HPNumbers</ScreenID>
		<EQType>125</EQType>
		<Font>3</Font>
		<RelativePosition>true</RelativePosition>
		<Location>
			<X>132</X>
			<Y>40</Y>
		</Location>
		<Size>
			<CX>115</CX>
			<CY>12</CY>
		</Size>
		<Text>0</Text>
		<TextColor>
			<R>255</R>
			<G>255</G>
			<B>255</B>
		</TextColor>
		<NoWrap>true</NoWrap>
		<AlignCenter>false</AlignCenter>
		<AlignRight>false</AlignRight>
		<AlignLeft>true</AlignLeft>
	</Label>
	<Label item="PW_ManaNumbersTotalBG">
		<ScreenID>HPNumbers</ScreenID>
		<EQType>125</EQType>
		<Font>3</Font>
		<RelativePosition>true</RelativePosition>
		<Location>
			<X>133</X>
			<Y>41</Y>
		</Location>
		<Size>
			<CX>115</CX>
			<CY>12</CY>
		</Size>
		<Text>0</Text>
		<TextColor>
			<R>0</R>
			<G>0</G>
			<B>0</B>
		</TextColor>
		<NoWrap>true</NoWrap>
		<AlignCenter>false</AlignCenter>
		<AlignRight>false</AlignRight>
		<AlignLeft>true</AlignLeft>
	</Label>
	<Label item="PW_ManaLabel">
		<ScreenID>ManaLabel</ScreenID>
		<Font>3</Font>
		<EQType>20</EQType>
		<RelativePosition>true</RelativePosition>
		<Location>
			<X>250</X>
			<Y>40</Y>
		</Location>
		<Size>
			<CX>22</CX>
			<CY>12</CY>
		</Size>
		<Text>100</Text>
		<TextColor>
			<R>240</R>
			<G>240</G>
			<B>240</B>
		</TextColor>
		<NoWrap>true</NoWrap>
		<AlignCenter>true</AlignCenter>
		<AlignRight>false</AlignRight>
		<AlignLeft>false</AlignLeft>
	</Label>
	<Label item="PW_ManaLabelBG">
		<ScreenID>ManaLabel</ScreenID>
		<Font>3</Font>
		<EQType>20</EQType>
		<RelativePosition>true</RelativePosition>
		<Location>
			<X>251</X>
			<Y>41</Y>
		</Location>
		<Size>
			<CX>22</CX>
			<CY>12</CY>
		</Size>
		<Text>100</Text>
		<TextColor>
			<R>0</R>
			<G>0</G>
			<B>0</B>
		</TextColor>
		<NoWrap>true</NoWrap>
		<AlignCenter>true</AlignCenter>
		<AlignRight>false</AlignRight>
		<AlignLeft>false</AlignLeft>
	</Label>
	<!-- Player Fatigue and Labels -->
	<Gauge item="PW_FatigueGauge">
		<ScreenID>PlayerFatigue</ScreenID>
		<!--<Font>3</Font>-->
		<RelativePosition>true</RelativePosition>
		<Location>
			<X>7</X>
			<Y>54</Y>
		</Location>
		<Size>
			<CX>240</CX>
			<CY>11</CY>
		</Size>
		<GaugeOffsetY>0</GaugeOffsetY>
		<GaugeOffsetX>0</GaugeOffsetX>
		<Style_VScroll>false</Style_VScroll>
		<Style_HScroll>false</Style_HScroll>
		<Style_Transparent>false</Style_Transparent>
		<!--<TooltipReference/>-->
		<FillTint>
			<R>240</R>
			<G>240</G>
			<B>0</B>
		</FillTint>
		<LinesFillTint>
			<R>0</R>
			<G>220</G>
			<B>0</B>
		</LinesFillTint>
		<DrawLinesFill>false</DrawLinesFill>
		<EQType>3</EQType>
		<GaugeDrawTemplate>
			<Background>Nill_Fatigue_BG</Background>
			<Fill>A_dzThinLongFill</Fill>
			<!--<Lines>A_GaugeLines</Lines>-->
			<LinesFill>A_dzThinLongLines</LinesFill>
		</GaugeDrawTemplate>
	</Gauge>
	<Label item="PW_FatigueLabel">
		<ScreenID>FatigueLabel</ScreenID>
		<Font>3</Font>
		<EQType>21</EQType>
		<RelativePosition>true</RelativePosition>
		<Location>
			<X>250</X>
			<Y>52</Y>
		</Location>
		<Size>
			<CX>22</CX>
			<CY>12</CY>
		</Size>
		<Text>100</Text>
		<TextColor>
			<R>240</R>
			<G>240</G>
			<B>240</B>
		</TextColor>
		<NoWrap>true</NoWrap>
		<AlignCenter>true</AlignCenter>
		<AlignRight>false</AlignRight>
		<AlignLeft>false</AlignLeft>
	</Label>
	<Label item="PW_FatigueLabelBG">
		<ScreenID>FatigueLabel</ScreenID>
		<Font>3</Font>
		<EQType>21</EQType>
		<RelativePosition>true</RelativePosition>
		<Location>
			<X>251</X>
			<Y>53</Y>
		</Location>
		<Size>
			<CX>22</CX>
			<CY>12</CY>
		</Size>
		<Text>100</Text>
		<TextColor>
			<R>0</R>
			<G>0</G>
			<B>0</B>
		</TextColor>
		<AlignCenter>true</AlignCenter>
		<AlignRight>false</AlignRight>
		<AlignLeft>false</AlignLeft>
	</Label>
 	<!-- Player XP and Labels -->
	<Gauge item="PW_XPGauge">
		<ScreenID>XPGauge</ScreenID>
		<!--<Font>3</Font>-->
		<RelativePosition>true</RelativePosition>
		<Location>
			<X>7</X>
			<Y>66</Y>
		</Location>
		<Size>
			<CX>240</CX>
			<CY>11</CY>
		</Size>
		<GaugeOffsetY>0</GaugeOffsetY>
		<GaugeOffsetX>0</GaugeOffsetX>
		<Style_VScroll>false</Style_VScroll>
		<Style_HScroll>false</Style_HScroll>
		<Style_Transparent>false</Style_Transparent>
		<!--<TooltipReference/>-->
		<FillTint>
			<R>220</R>
			<G>150</G>
			<B>0</B>
		</FillTint>
		<LinesFillTint>
			<R>0</R>
			<G>80</G>
			<B>220</B>
		</LinesFillTint>
		<DrawLinesFill>true</DrawLinesFill>
		<EQType>4</EQType>
		<GaugeDrawTemplate>
			<Background>Nill_XP_BG</Background>
			<Fill>A_dzThinLongFill</Fill>
			<!--<Lines>A_dzThinLongLines</Lines>-->
			<LinesFill>A_dzThinLongLines</LinesFill>
		</GaugeDrawTemplate>
	</Gauge>
	<Label item="PW_XPPerHrLabel">
		<Font>3</Font>
		<RelativePosition>true</RelativePosition>
		<Location>
			<X>7</X>
			<Y>64</Y>
		</Location>
		<Size>
			<CX>139</CX>
			<CY>12</CY>
		</Size>
		<Text>XP / HR:</Text>
		<TextColor>
			<R>255</R>
			<G>255</G>
			<B>255</B>
		</TextColor>
		<NoWrap>true</NoWrap>
		<AlignCenter>false</AlignCenter>
		<AlignRight>true</AlignRight>
		<AlignLeft>false</AlignLeft>
	</Label>
	<Label item="PW_XPPerHrLabelBG">
		<Font>3</Font>
		<RelativePosition>true</RelativePosition>
		<Location>
			<X>8</X>
			<Y>65</Y>
		</Location>
		<Size>
			<CX>139</CX>
			<CY>12</CY>
		</Size>
		<Text>XP / HR:</Text>
		<TextColor>
			<R>0</R>
			<G>0</G>
			<B>0</B>
		</TextColor>
		<NoWrap>true</NoWrap>
		<AlignCenter>false</AlignCenter>
		<AlignRight>true</AlignRight>
		<AlignLeft>false</AlignLeft>
	</Label>
	<Label item="PW_XPPerHr">
		<Font>3</Font>
		<EQType>81</EQType>
		<RelativePosition>true</RelativePosition>
		<Location>
			<X>146</X>
			<Y>64</Y>
		</Location>
		<Size>
			<CX>69</CX>
			<CY>12</CY>
		</Size>
		<Text>6969</Text>
		<TextColor>
			<R>240</R>
			<G>240</G>
			<B>240</B>
		</TextColor>
		<NoWrap>true</NoWrap>
		<AlignCenter>false</AlignCenter>
		<AlignRight>false</AlignRight>
		<AlignLeft>true</AlignLeft>
	</Label>
	<Label item="PW_XPPerHrBG">
		<Font>3</Font>
		<EQType>81</EQType>
		<RelativePosition>true</RelativePosition>
		<Location>
			<X>147</X>
			<Y>65</Y>
		</Location>
		<Size>
			<CX>69</CX>
			<CY>12</CY>
		</Size>
		<Text>6969</Text>
		<TextColor>
		<R>0</R>
			<G>0</G>
			<B>0</B>
		</TextColor>
		<NoWrap>true</NoWrap>
		<AlignCenter>false</AlignCenter>
		<AlignRight>false</AlignRight>
		<AlignLeft>true</AlignLeft>
	</Label>
	<Label item="PW_XPLabel">
		<Font>3</Font>
		<EQType>26</EQType>
		<RelativePosition>true</RelativePosition>
		<Location>
			<X>250</X>
			<Y>64</Y>
		</Location>
		<Size>
			<CX>22</CX>
			<CY>12</CY>
		</Size>
		<Text>100</Text>
		<TextColor>
			<R>240</R>
			<G>240</G>
			<B>240</B>
		</TextColor>
		<NoWrap>true</NoWrap>
		<AlignCenter>true</AlignCenter>
		<AlignRight>false</AlignRight>
		<AlignLeft>false</AlignLeft>
	</Label>
	<Label item="PW_XPLabelBG">
		<Font>3</Font>
		<EQType>26</EQType>
		<RelativePosition>true</RelativePosition>
		<Location>
			<X>251</X>
			<Y>65</Y>
		</Location>
		<Size>
			<CX>22</CX>
			<CY>12</CY>
		</Size>
		<Text>100</Text>
		<TextColor>
			<R>0</R>
			<G>0</G>
			<B>0</B>
		</TextColor>
			<AlignCenter>true</AlignCenter>
			<AlignRight>false</AlignRight>
			<AlignLeft>false</AlignLeft>
	</Label>
	<!-- Player Level and Weight labels -->
	<Label item="PW_LevelLabel">
		<ScreenID>LevelLabel</ScreenID>
		<Font>3</Font>
		<RelativePosition>true</RelativePosition>
		<Location>
			<X>7</X>
			<Y>81</Y>
		</Location>
		<Size>
			<CX>36</CX>
			<CY>16</CY>
		</Size>
		<Text>Level:</Text>
		<TextColor>
			<R>255</R>
			<G>255</G>
			<B>255</B>
		</TextColor>
		<NoWrap>true</NoWrap>
		<AlignCenter>false</AlignCenter>
		<AlignRight>false</AlignRight>
		<AlignLeft>true</AlignLeft>
	</Label>
	<Label item="PW_LevelLabelBG">
		<ScreenID>LevelLabel</ScreenID>
		<Font>3</Font>
		<RelativePosition>true</RelativePosition>
		<Location>
			<X>8</X>
			<Y>82</Y>
		</Location>
		<Size>
			<CX>36</CX>
			<CY>16</CY>
		</Size>
		<Text>Level:</Text>
		<TextColor>
			<R>0</R>
			<G>0</G>
			<B>0</B>
		</TextColor>
		<NoWrap>true</NoWrap>
		<AlignCenter>false</AlignCenter>
		<AlignRight>false</AlignRight>
		<AlignLeft>true</AlignLeft>
	</Label>
	<Label item="PW_LevelNumber">
		<ScreenID>LevelNumber</ScreenID>
		<EQType>2</EQType>
		<Font>3</Font>
		<RelativePosition>true</RelativePosition>
		<Location>
			<X>44</X>
			<Y>81</Y>
		</Location>
		<Size>
			<CX>22</CX>
			<CY>16</CY>
		</Size>
		<Text>0</Text>
		<TextColor>
			<R>255</R>
			<G>255</G>
			<B>255</B>
		</TextColor>
		<NoWrap>true</NoWrap>
		<AlignCenter>true</AlignCenter>
		<AlignRight>false</AlignRight>
		<AlignLeft>false</AlignLeft>
	</Label>
	<Label item="PW_LevelNumberBG">
		<ScreenID>LevelNumber</ScreenID>
		<EQType>2</EQType>
		<Font>3</Font>
		<RelativePosition>true</RelativePosition>
		<Location>
			<X>45</X>
			<Y>82</Y>
		</Location>
		<Size>
			<CX>22</CX>
			<CY>16</CY>
		</Size>
		<Text>0</Text>
		<TextColor>
			<R>0</R>
			<G>0</G>
			<B>0</B>
		</TextColor>
		<NoWrap>true</NoWrap>
		<AlignCenter>true</AlignCenter>
		<AlignRight>false</AlignRight>
		<AlignLeft>false</AlignLeft>
	</Label>
	<Label item="PW_WeightLabel">
		<ScreenID>WeightLabel</ScreenID>
		<Font>3</Font>
		<RelativePosition>true</RelativePosition>
		<Location>
			<X>193</X>
			<Y>81</Y>
		</Location>
		<Size>
			<CX>20</CX>
			<CY>15</CY>
		</Size>
		<Text>Wt :</Text>
		<TextColor>
			<R>255</R>
			<G>255</G>
			<B>255</B>
		</TextColor>
		<NoWrap>true</NoWrap>
		<AlignCenter>false</AlignCenter>
		<AlignRight>false</AlignRight>
		<AlignLeft>true</AlignLeft>
	</Label>
	<Label item="PW_WeightLabelBG">
		<ScreenID>WeightLabel</ScreenID>
		<Font>3</Font>
		<RelativePosition>true</RelativePosition>
		<Location>
			<X>194</X>
			<Y>82</Y>
		</Location>
		<Size>
			<CX>20</CX>
			<CY>15</CY>
		</Size>
		<Text>Wt :</Text>
		<TextColor>
			<R>0</R>
			<G>0</G>
			<B>0</B>
		</TextColor>
		<NoWrap>true</NoWrap>
		<AlignCenter>false</AlignCenter>
		<AlignRight>false</AlignRight>
		<AlignLeft>true</AlignLeft>
	</Label>
	<Label item="PW_WeightCurrent">
		<ScreenID>CurrentWeight</ScreenID>
		<EQType>24</EQType>
		<Font>3</Font>
		<RelativePosition>true</RelativePosition>
		<Location>
			<X>220</X>
			<Y>81</Y>
		</Location>
		<Size>
			<CX>22</CX>
			<CY>16</CY>
		</Size>
		<Text>1234</Text>
		<TextColor>
			<R>255</R>
			<G>255</G>
			<B>255</B>
		</TextColor>
		<NoWrap>true</NoWrap>
		<AlignCenter>true</AlignCenter>
		<AlignRight>false</AlignRight>
		<AlignLeft>false</AlignLeft>
	</Label>
	<Label item="PW_WeightSlashLabel">
		<Font>3</Font>
		<RelativePosition>true</RelativePosition>
		<Location>
			<X>220</X>
			<Y>81</Y>
		</Location>
		<Size>
			<CX>52</CX>
			<CY>16</CY>
		</Size>
		<Text>/</Text>
		<TextColor>
			<R>255</R>
			<G>255</G>
			<B>255</B>
		</TextColor>
		<NoWrap>true</NoWrap>
		<AlignCenter>true</AlignCenter>
		<AlignRight>false</AlignRight>
		<AlignLeft>false</AlignLeft>
	</Label>
	<Label item="PW_WeightSlashLabelBG">
		<Font>3</Font>
		<RelativePosition>true</RelativePosition>
		<Location>
			<X>221</X>
			<Y>82</Y>
		</Location>
		<Size>
			<CX>54</CX>
			<CY>16</CY>
		</Size>
		<Text>/</Text>
		<TextColor>
			<R>0</R>
			<G>0</G>
			<B>0</B>
		</TextColor>
		<NoWrap>true</NoWrap>
		<AlignCenter>true</AlignCenter>
		<AlignRight>false</AlignRight>
		<AlignLeft>false</AlignLeft>
	</Label>
	<Label item="PW_WeightMax">
		<EQType>25</EQType>
		<Font>3</Font>
		<RelativePosition>true</RelativePosition>
		<Location>
			<X>250</X>
			<Y>81</Y>
		</Location>
		<Size>
			<CX>22</CX>
			<CY>16</CY>
		</Size>
		<Text>1234</Text>
		<TextColor>
			<R>255</R>
			<G>255</G>
			<B>255</B>
		</TextColor>
		<NoWrap>true</NoWrap>
		<AlignCenter>true</AlignCenter>
		<AlignRight>false</AlignRight>
		<AlignLeft>false</AlignLeft>
	</Label>
	<Label item="PW_WeightMaxBG">
		<EQType>25</EQType>
		<Font>3</Font>
		<RelativePosition>true</RelativePosition>
		<Location>
			<X>251</X>
			<Y>82</Y>
		</Location>
		<Size>
			<CX>22</CX>
			<CY>16</CY>
		</Size>
		<Text>1234</Text>
		<TextColor>
			<R>0</R>
			<G>0</G>
			<B>0</B>
		</TextColor>
		<NoWrap>true</NoWrap>
		<AlignCenter>true</AlignCenter>
		<AlignRight>false</AlignRight>
		<AlignLeft>false</AlignLeft>
	</Label>
	<!-- Optional Components -->
 	<Gauge item="PW_PetHP">
		<ScreenID>PW_PetHP</ScreenID>
		<RelativePosition>true</RelativePosition>
		<Location>
			<X>7</X>
			<Y>36</Y>
		</Location>
		<Size>
			<CX>240</CX>
			<CY>5</CY>
		</Size>
		<Font>3</Font>
		<TextColor>
			<R>255</R>
			<G>255</G>
			<B>255</B>
		</TextColor>
		<TextOffsetX>420</TextOffsetX>
		<TextOffsetY>0</TextOffsetY>
		<GaugeOffsetX>0</GaugeOffsetX>
		<GaugeOffsetY>0</GaugeOffsetY>
		<Style_VScroll>false</Style_VScroll>
		<Style_HScroll>false</Style_HScroll>
		<Style_Transparent>false</Style_Transparent>
		<!--<TooltipReference/>-->
		<FillTint>
			<R>222</R>
			<G>73</G>
			<B>242</B>
			<Alpha>255</Alpha>
		</FillTint>
		<LinesFillTint>
			<R>220</R>
			<G>220</G>
			<B>0</B>
		</LinesFillTint>
		<DrawLinesFill>false</DrawLinesFill>
		<EQType>16</EQType>
		<GaugeDrawTemplate>
			<Background>Nill_XP_BG</Background>
			<Fill>A_dzThinLongFill</Fill>
			<!--<Lines>A_dzThinLongLines</Lines>-->
			<LinesFill>A_dzThinLongLines</LinesFill>
		</GaugeDrawTemplate>
	</Gauge>
	<Gauge item="PW_AAGauge">
		<ScreenID>AAGauge</ScreenID>
		<Font>3</Font>
		<RelativePosition>true</RelativePosition>
		<Location>
			<X>7</X>
			<Y>77</Y>
		</Location>
		<Size>
			<CX>240</CX>
			<CY>4</CY>
		</Size>
		<GaugeOffsetY>0</GaugeOffsetY>
		<GaugeOffsetX>0</GaugeOffsetX>
		<Style_VScroll>false</Style_VScroll>
		<Style_HScroll>false</Style_HScroll>
		<Style_Transparent>false</Style_Transparent>
		<!--<TooltipReference/>-->
		<FillTint>
			<R>220</R>
			<G>150</G>
			<B>0</B>
		</FillTint>
		<LinesFillTint>
			<R>0</R>
			<G>80</G>
			<B>220</B>
		</LinesFillTint>
		<DrawLinesFill>true</DrawLinesFill>
		<EQType>5</EQType>
		<GaugeDrawTemplate>
			<Background>Nill_XP_BG</Background>
			<Fill>A_dzThinLongFill</Fill>
			<!--<Lines>A_dzThinLongLines</Lines>-->
			<LinesFill>A_dzThinLongLines</LinesFill>
		</GaugeDrawTemplate>
	</Gauge>
	<Label item="PW_AALabel">
		<Font>3</Font>
		<RelativePosition>true</RelativePosition>
		<Location>
			<X>7</X>
			<Y>81</Y>
		</Location>
		<Size>
			<CX>134</CX>
			<CY>12</CY>
		</Size>
		<Text>AA XP:</Text>
		<TextColor>
			<R>255</R>
			<G>255</G>
			<B>255</B>
		</TextColor>
		<NoWrap>true</NoWrap>
		<AlignCenter>false</AlignCenter>
		<AlignRight>true</AlignRight>
		<AlignLeft>false</AlignLeft>
	</Label>
	<Label item="PW_AALabelBG">
		<Font>3</Font>
		<RelativePosition>true</RelativePosition>
		<Location>
			<X>8</X>
			<Y>82</Y>
		</Location>
		<Size>
			<CX>134</CX>
			<CY>12</CY>
		</Size>
		<Text>AA XP:</Text>
		<TextColor>
			<R>0</R>
			<G>0</G>
			<B>0</B>
		</TextColor>
		<NoWrap>true</NoWrap>
		<AlignCenter>false</AlignCenter>
		<AlignRight>true</AlignRight>
		<AlignLeft>false</AlignLeft>
  </Label>
	<Label item="PW_AANumber">
		<Font>3</Font>
		<EQType>27</EQType>
		<RelativePosition>true</RelativePosition>
		<Location>
		  <X>146</X>
		  <Y>81</Y>
		</Location>
		<Size>
			<CX>22</CX>
			<CY>16</CY>
		</Size>
		<Text>Playername123456</Text>
		<TextColor>
			<R>255</R>
			<G>255</G>
			<B>255</B>
		</TextColor>
		<NoWrap>true</NoWrap>
		<AlignCenter>false</AlignCenter>
		<AlignRight>false</AlignRight>
		<AlignLeft>true</AlignLeft>>
	</Label>
	<Label item="PW_AANumberBG">
		<Font>3</Font>
		<EQType>27</EQType>
		<RelativePosition>true</RelativePosition>
		<Location>
			<X>147</X>
			<Y>82</Y>
		</Location>
		<Size>
			<CX>22</CX>
			<CY>16</CY>
		</Size>
		<Text>Playername123456</Text>
		<TextColor>
			<R>0</R>
			<G>0</G>
			<B>0</B>
		</TextColor>
		<NoWrap>true</NoWrap>
		<AlignCenter>false</AlignCenter>
		<AlignRight>false</AlignRight>
		<AlignLeft>true</AlignLeft>>
	</Label>
	<Gauge item="PW_BreathGauge">
		<ScreenID>BreathGauge</ScreenID>
		<!--<Font>3</Font>-->
		<RelativePosition>true</RelativePosition>
		<Location>
			<X>77</X>
			<Y>83</Y>
		</Location>
		<Size>
			<CX>100</CX>
			<CY>10</CY>
		</Size>
		<GaugeOffsetX>0</GaugeOffsetX>
		<GaugeOffsetY>0</GaugeOffsetY>
		<Style_VScroll>false</Style_VScroll>
		<Style_HScroll>false</Style_HScroll>
		<Style_Transparent>false</Style_Transparent>
		<!--<TooltipReference/>-->
		<FillTint>
			<R>0</R>
			<G>240</G>
			<B>240</B>
		</FillTint>
		<LinesFillTint>
			<R>0</R>
			<G>0</G>
			<B>0</B>
		</LinesFillTint>
		<DrawLinesFill>false</DrawLinesFill>
		<EQType>8</EQType>
		<GaugeDrawTemplate>
			<Background>A_dzThinBackground</Background>
			<Fill>A_dzThinFill</Fill>
			<!--<Lines>A_GaugeLines</Lines>-->
			<LinesFill>Nilli_LinesFill</LinesFill>
		</GaugeDrawTemplate>
	</Gauge>
	<Label item="PW_BreathLabel">
		<Font>2</Font>
		<RelativePosition>true</RelativePosition>
		<Location>
			<X>77</X>
			<Y>81</Y>
		</Location>
		<Size>
			<CX>100</CX>
			<CY>12</CY>
		</Size>
		<Text>Breath</Text>
		<TextColor>
			<R>255</R>
			<G>255</G>
			<B>255</B>
		</TextColor>
		<NoWrap>true</NoWrap>
		<AlignCenter>true</AlignCenter>
		<AlignRight>false</AlignRight>
		<AlignLeft>false</AlignLeft>
	</Label>
	<Label item="PW_BreathLabelBG">
		<Font>2</Font>
		<RelativePosition>true</RelativePosition>
		<Location>
			<X>78</X>
			<Y>82</Y>
		</Location>
		<Size>
			<CX>100</CX>
			<CY>12</CY>
		</Size>
		<Text>Breath</Text>
		<TextColor>
			<R>0</R>
			<G>0</G>
			<B>0</B>
		</TextColor>
		<NoWrap>true</NoWrap>
		<AlignCenter>true</AlignCenter>
		<AlignRight>false</AlignRight>
		<AlignLeft>false</AlignLeft>
	</Label>
	<!--******************************************-->
	<Screen item="PlayerWindow">
		<ScreenID/>
		<RelativePosition>false</RelativePosition>
		<Location>
			<X>0</X>
			<Y>0</Y>
		</Location>
		<Size>
			<CX>280</CX>
			<CY>100</CY>
		</Size>
		<Text>Player</Text>
		<Style_VScroll>false</Style_VScroll>
		<Style_HScroll>false</Style_HScroll>
		<Style_Transparent>false</Style_Transparent>
		<TooltipReference>The Breath Meter</TooltipReference>
		<DrawTemplate>WDT_RoundedNoTitle</DrawTemplate>
		<Style_Titlebar>false</Style_Titlebar>
		<Style_Closebox>false</Style_Closebox>
		<Style_Minimizebox>false</Style_Minimizebox>
		<Style_Border>false</Style_Border>
		<Style_Sizable>false</Style_Sizable>
		<!-- Phorm Background -->
		<Pieces>phorm_PlayerWindow</Pieces>
		<!--<Pieces>A_AttackIndicatorAnim</Pieces>-->
		<!-- Player HP Gauge -->
		<Pieces>Player_HP_BG</Pieces>
		<Pieces>Player_HP_0</Pieces>
		<Pieces>Player_HP_1A_X</Pieces>
		<Pieces>Player_HP_1B</Pieces>
		<Pieces>Player_HP_2A_X</Pieces>
		<Pieces>Player_HP_2B</Pieces>
		<Pieces>Player_HP_3A_X</Pieces>
		<Pieces>Player_HP_3B</Pieces>
		<Pieces>Player_HP_4A_X</Pieces>
		<Pieces>Player_HP_4B</Pieces>
		<!-- Player Name and Class -->
		<Pieces>PW_F1BG</Pieces>
		<Pieces>PW_F1</Pieces>
		<Pieces>PW_NameText</Pieces>
		<Pieces>PW_ClassBG</Pieces>
		<Pieces>PW_Class</Pieces>
		<!-- Player HP Labels -->
		<Pieces>PW_HPNumbersBG</Pieces>
	    <Pieces>PW_HPNumbers</Pieces>
		<Pieces>PW_HPSlashLabelBG</Pieces>
		<Pieces>PW_HPSlashLabel</Pieces>
		<Pieces>PW_HPNumbersTotal</Pieces>
		<Pieces>PW_HPLabelBG</Pieces>
		<Pieces>PW_HPLabel</Pieces>	
		<!-- Player Mana and Labels -->
		<Pieces>PW_ManaGauge</Pieces>
		<Pieces>PW_ManaNumbersCurrentBG</Pieces> 
		<Pieces>PW_ManaNumbersCurrent</Pieces>
		<Pieces>PW_ManaSlashLabelBG</Pieces>
		<Pieces>PW_ManaSlashLabel</Pieces>
		<Pieces>PW_ManaNumbersTotalBG</Pieces>
		<Pieces>PW_ManaNumbersTotal</Pieces>
		<Pieces>PW_ManaLabelBG</Pieces>
		<Pieces>PW_ManaLabel</Pieces>
		<!-- Player Fatigue and Labels -->
		<Pieces>PW_FatigueGauge</Pieces>
		<Pieces>PW_FatigueLabelBG</Pieces>
		<Pieces>PW_FatigueLabel</Pieces>		
	 	<!-- Player XP and Labels -->	
		<Pieces>PW_XPGauge</Pieces>
		<Pieces>PW_XPPerHrLabelBG</Pieces> 
		<Pieces>PW_XPPerHrLabel</Pieces>
		<Pieces>PW_XPPerHrBG</Pieces>
		<Pieces>PW_XPPerHr</Pieces>
		<Pieces>PW_XPLabelBG</Pieces>
		<Pieces>PW_XPLabel</Pieces>
		<!-- Player Level and Weight labels -->
		<Pieces>PW_LevelLabelBG</Pieces>
		<Pieces>PW_LevelLabel</Pieces>
		<Pieces>PW_LevelNumberBG</Pieces>
		<Pieces>PW_LevelNumber</Pieces>
		<Pieces>PW_WeightLabelBG</Pieces>
		<Pieces>PW_WeightLabel</Pieces>
		<Pieces>PW_WeightCurrent</Pieces>
		<Pieces>PW_WeightSlashLabelBG</Pieces>
		<Pieces>PW_WeightSlashLabel</Pieces>
		<Pieces>PW_WeightMaxBG</Pieces>
		<Pieces>PW_WeightMax</Pieces>
		<!-- Optional Components -->		
		<!-- <Pieces>PW_PetHP</Pieces> -->
		<!-- <Pieces>PW_AAGauge</Pieces> -->
	    <!-- <Pieces>PW_AALabelBG</Pieces> -->
		<!-- <Pieces>PW_AALabel</Pieces> -->
		<!-- <Pieces>PW_AANumberBG</Pieces> -->
		<!-- <Pieces>PW_AANumber</Pieces> -->
		<!-- <Pieces>PW_BreathGauge</Pieces> -->
		<!-- <Pieces>PW_BreathLabelBG</Pieces> -->
		<!-- <Pieces>PW_BreathLabel</Pieces> -->
	</Screen>
</XML>