<?xml version="1.0" encoding="us-ascii"?>
<XML ID="EQInterfaceDefinitionLanguage">
  <Schema xmlns="EverQuestData" xmlns:dt="EverQuestDataTypes" />
	<!-- Phorm Background -->
	<TextureInfo item="phorm_TargetWindow.tga">
		<Size>
			<CX>512</CX>
			<CY>128</CY>
		</Size>
	</TextureInfo>
	<Ui2DAnimation item="phorm_TargetWindow">
		<Frames>
			<Texture>phorm_TargetWindow.tga</Texture>
			<Location>
				<X>0</X>
				<Y>0</Y>
			</Location>
			<Size>
				<CX>280</CX>
				<CY>68</CY>
			</Size>
			<Hotspot>
				<X>0</X>
				<Y>0</Y>
			</Hotspot>
		</Frames>
	</Ui2DAnimation>
	<StaticAnimation item="phorm_TargetWindow">
		<ScreenID>phorm_TargetWindow</ScreenID>
		<RelativePosition>true</RelativePosition>
			<Location>
				<X>0</X>
				<Y>0</Y>
			</Location>
			<Size>
				<CX>280</CX>
				<CY>68</CY>
			</Size>
		<Animation>phorm_TargetWindow</Animation>
	</StaticAnimation>

	<!-- Target HP Guage -->
	<Gauge item="Target_HP">
		<ScreenID>Target_HP</ScreenID>
		<EQType>6</EQType>
		<Font>3</Font>
		<RelativePosition>true</RelativePosition>
		<Location>
			<X>20</X>
			<Y>23</Y>
		</Location>
		<Size>
			<CX>240</CX>
			<CY>20</CY>
		</Size>
		<GaugeOffsetX>0</GaugeOffsetX>
		<GaugeOffsetY>0</GaugeOffsetY>
		<TextOffsetX>8000</TextOffsetX>
		<Style_VScroll>false</Style_VScroll>
		<Style_HScroll>false</Style_HScroll>
		<Style_Transparent>false</Style_Transparent>
		<TextColor>
			<R>255</R>
			<G>255</G>
			<B>255</B>
		</TextColor>
		<FillTint>
			<R>240</R>
			<G>0</G>
			<B>0</B>
		</FillTint>
		<LinesFillTint>
			<R>0</R>
			<G>0</G>
			<B>0</B>
		</LinesFillTint>
		<DrawLinesFill>false</DrawLinesFill>
		<GaugeDrawTemplate>
			<Background>Nill_HP_BG</Background>
			<Fill>A_dzLongFill</Fill>
		</GaugeDrawTemplate>
	</Gauge>
	<Label item="TargetName">
		<ScreenID>TargetName</ScreenID>
		<RelativePosition>true</RelativePosition>
		<Font>5</Font>
		<EQType>28</EQType>
		<Text>Target</Text>
		<Location>
			<X>50</X>
			<Y>5</Y>
		</Location>
		<Size>
			<CX>180</CX>
			<CY>36</CY>
		</Size>
		<TextColor>
			<R>255</R>
			<G>255</G>
			<B>255</B>
		</TextColor>
		<NoWrap>true</NoWrap>
		<AlignCenter>true</AlignCenter>
		<AlignRight>false</AlignRight>
		<AlignLeft>false</AlignLeft>
	</Label>
	<Label item="TargetNameBG">
		<ScreenID>TargetName</ScreenID>
		<RelativePosition>true</RelativePosition>
		<Font>5</Font>
		<EQType>28</EQType>
		<Text>Target</Text>
		<Location>
			<X>51</X>
			<Y>6</Y>
		</Location>
		<Size>
			<CX>180</CX>
			<CY>36</CY>
		</Size>
		<TextColor>
			<R>0</R>
			<G>0</G>
			<B>0</B>
		</TextColor>
		<NoWrap>true</NoWrap>
		<AlignCenter>true</AlignCenter>
		<AlignRight>false</AlignRight>
		<AlignLeft>false</AlignLeft>
	</Label>
	<Label item="HPLabel">
		<ScreenID>HPLabel</ScreenID>
		<RelativePosition>true</RelativePosition>
		<Font>5</Font>
		<EQType>29</EQType>
		<Text>100</Text>
		<Location>
			<X>230</X>
			<Y>5</Y>
		</Location>
		<Size>
			<CX>30</CX>
			<CY>18</CY>
		</Size>
		<TextColor>
			<R>255</R>
			<G>255</G>
			<B>255</B>
		</TextColor>
		<NoWrap>true</NoWrap>
		<AlignCenter>false</AlignCenter>
		<AlignRight>true</AlignRight>
		<AlignLeft>false</AlignLeft>
	</Label>
	<Label item="HPLabelBG">
		<ScreenID>HPLabel</ScreenID>
		<RelativePosition>true</RelativePosition>
		<Font>5</Font>
		<EQType>29</EQType>
		<Text>100</Text>
		<Location>
			<X>231</X>
			<Y>6</Y>
		</Location>
		<Size>
			<CX>30</CX>
			<CY>18</CY>
		</Size>
		<TextColor>
			<R>0</R>
			<G>0</G>
			<B>0</B>
		</TextColor>
		<NoWrap>true</NoWrap>
		<AlignCenter>false</AlignCenter>
		<AlignRight>true</AlignRight>
		<AlignLeft>false</AlignLeft>
	</Label>

	<!-- Target Window Casting Guage -->
	<Gauge item="TW_CastGauge">
		<ScreenID>CastTimeGauge</ScreenID>
		<EQType>7</EQType>
		<!--<Font>3</Font>-->
		<RelativePosition>true</RelativePosition>
		<Location>
			<X>20</X>
			<Y>45</Y>
		</Location>
		<Size>
			<CX>240</CX>
			<CY>18</CY>
		</Size>
		<GaugeOffsetX>0</GaugeOffsetX>
		<GaugeOffsetY>0</GaugeOffsetY>
		<Style_VScroll>false</Style_VScroll>
		<Style_HScroll>false</Style_HScroll>
		<Style_Transparent>false</Style_Transparent>
		<FillTint>
			<R>225</R>
			<G>0</G>
			<B>255</B>
		</FillTint>
		<LinesFillTint>
			<R>0</R>
			<G>0</G>
			<B>0</B>
		</LinesFillTint>
		<DrawLinesFill>false</DrawLinesFill>
		<GaugeDrawTemplate>
			<Fill>A_SpellFill</Fill>
			<Background>A_SpellBG</Background>
		</GaugeDrawTemplate>
	</Gauge>
	<Label item="Target_Casting_SpellName">
		<ScreenID />
		<RelativePosition>true</RelativePosition>
		<Font>3</Font>
		<EQType>134</EQType>
		<Text />
		<Location>
			<X>20</X>
			<Y>46</Y>
		</Location>
		<Size>
			<CX>240</CX>
			<CY>16</CY>
		</Size>
		<TextColor>
			<R>255</R>
			<G>255</G>
			<B>255</B>
		</TextColor>
		<NoWrap>true</NoWrap>
		<AlignCenter>true</AlignCenter>
		<AlignRight>false</AlignRight>
		<AlignLeft>false</AlignLeft>
	</Label>
	<Label item="Target_Casting_SpellNameBG">
		<ScreenID />
		<RelativePosition>true</RelativePosition>
		<Font>3</Font>
		<EQType>134</EQType>
		<Text />
		<Location>
			<X>21</X>
			<Y>47</Y>
		</Location>
		<Size>
			<CX>240</CX>
			<CY>16</CY>
		</Size>
		<TextColor>
			<R>0</R>
			<G>0</G>
			<B>0</B>
		</TextColor>
		<NoWrap>true</NoWrap>
		<AlignCenter>true</AlignCenter>
		<AlignRight>false</AlignRight>
		<AlignLeft>false</AlignLeft>
	</Label>

	<!--******************************************-->
	<Screen item="TargetWindow">
		<!--<ScreenID/>-->
		<RelativePosition>false</RelativePosition>
		<Location>
			<X>820</X>
			<Y>33</Y>
		</Location>
		<Size>
			<CX>280</CX>
			<CY>68</CY>
		</Size>
		<Text>Window Selector</Text>
		<Style_VScroll>false</Style_VScroll>
		<Style_HScroll>false</Style_HScroll>
		<Style_Transparent>false</Style_Transparent>
		<TooltipReference/>
		<DrawTemplate>WDT_RoundedNoTitle</DrawTemplate>
		<Style_Titlebar>false</Style_Titlebar>
		<Style_Closebox>true</Style_Closebox>
		<Style_Minimizebox>true</Style_Minimizebox>
		<Style_Border>false</Style_Border>
		<Style_Sizable>false</Style_Sizable>
		<!-- Phorm Background -->
		<Pieces>phorm_TargetWindow</Pieces>
		<!-- Target HP Guage -->
		<Pieces>Target_HP</Pieces>
		<Pieces>TargetNameBG</Pieces>
		<Pieces>TargetName</Pieces>
		<Pieces>HPLabelBG</Pieces>
		<Pieces>HPLabel</Pieces>
		<!-- Target Window Casting Guage -->		
		<Pieces>TW_CastGauge</Pieces>
		<Pieces>Target_Casting_SpellNameBG</Pieces>
		<Pieces>Target_Casting_SpellName</Pieces>
	</Screen>
</XML>