<?xml version="1.0" encoding="us-ascii"?>
<XML ID="EQInterfaceDefinitionLanguage">
	<Schema xmlns="EverQuestData" xmlns:dt="EverQuestDataTypes" />
	<!-- Phorm Background -->
	<TextureInfo item="phorm_GroupWindow.tga">
		<Size>
			<CX>256</CX>
			<CY>256</CY>
		</Size>
	</TextureInfo>
	<Ui2DAnimation item="phorm_GroupWindow">
		<Frames>
			<Texture>phorm_GroupWindow.tga</Texture>
			<Location>
				<X>0</X>
				<Y>0</Y>
			</Location>
			<Size>
				<CX>140</CX>
				<CY>220</CY>
			</Size>
			<Hotspot>
				<X>0</X>
				<Y>0</Y>
			</Hotspot>
		</Frames>
	</Ui2DAnimation>
	<StaticAnimation item="phorm_GroupWindow">
		<ScreenID>phorm_GroupWindow</ScreenID>
		<RelativePosition>true</RelativePosition>
			<Location>
				<X>0</X>
				<Y>0</Y>
			</Location>
			<Size>
				<CX>140</CX>
				<CY>220</CY>
			</Size>
		<Animation>phorm_GroupWindow</Animation>
	</StaticAnimation>
	<!-- Group Window Layers -->  
	<Ui2DAnimation item="GW_LineDivider">
		<Cycle>true</Cycle>
		<Frames>
			<Texture>window_pieces01.tga</Texture>
			<Location>
				<X>50</X>
				<Y>80</Y>
			</Location>
			<Size>
				<CX>10</CX>
				<CY>1</CY>
			</Size>
			<Hotspot>
				<X>0</X>
				<Y>0</Y>
			</Hotspot>
			<Duration>1000</Duration>
		</Frames>
	</Ui2DAnimation>
	<StaticAnimation item="GWDummy">
		<ScreenID>GWDummy</ScreenID>
		<Location>
			<X>-3</X>
			<Y>-2</Y>
		</Location>
		<Size>
			<CX>1</CX>
			<CY>1</CY>
		</Size>
		<Animation>A_CornerSquare</Animation>
	</StaticAnimation>
	<Ui2DAnimation item="GW_GaugeFill1">
		<Cycle>true</Cycle>
		<Frames>
			<Texture>dzbars.png</Texture>
			<Location>
				<X>-1998</X>
				<Y>0</Y>
			</Location>
			<Size>
				<CX>10000</CX>
				<CY>20</CY>
			</Size>
			<Hotspot>
				<X>0</X>
				<Y>0</Y>
			</Hotspot>
			<Duration>1000</Duration>
		</Frames>
	</Ui2DAnimation>
	<Ui2DAnimation item="GW_GaugeFill2">
		<Cycle>true</Cycle>
		<Frames>
			<Texture>dzbars.png</Texture>
			<Location>
				<X>-3998</X>
				<Y>0</Y>
			</Location>
			<Size>
				<CX>10000</CX>
				<CY>20</CY>
			</Size>
			<Hotspot>
				<X>0</X>
				<Y>0</Y>
			</Hotspot>
			<Duration>1000</Duration>
		</Frames>
	</Ui2DAnimation>
	<Ui2DAnimation item="GW_GaugeFill3">
		<Cycle>true</Cycle>
		<Frames>
			<Texture>dzbars.png</Texture>
			<Location>
				<X>-5998</X>
				<Y>0</Y>
			</Location>
			<Size>
				<CX>10000</CX>
				<CY>20</CY>
			</Size>
			<Hotspot>
				<X>0</X>
				<Y>0</Y>
			</Hotspot>
			<Duration>1000</Duration>
		</Frames>
	</Ui2DAnimation>
	<Ui2DAnimation item="GW_GaugeFill4">
		<Cycle>true</Cycle>
		<Frames>
			<Texture>dzbars.png</Texture>
			<Location>
				<X>-7998</X>
				<Y>0</Y>
			</Location>
			<Size>
				<CX>10000</CX>
				<CY>20</CY>
			</Size>
			<Hotspot>
				<X>0</X>
				<Y>0</Y>
			</Hotspot>
			<Duration>1000</Duration>
		</Frames>
	</Ui2DAnimation>
	<!-- Party 1 -->
	<StaticAnimation item="GW_LineDivider1">
		<ScreenID>GW_LineDivider1</ScreenID>
		<Location>
			<X>7</X>
			<Y>24</Y>
		</Location>
		<Size>
			<CX>126</CX>
			<CY>1</CY>
		</Size>
		<Animation>GW_LineDivider</Animation>
	</StaticAnimation>
	<Gauge item="Party1_HP_BG">
		<ScreenID>Gauge1</ScreenID>
		<RelativePosition>true</RelativePosition>
		<Location>
			<X>7</X>
			<Y>24</Y>
		</Location>
		<Size>
			<CX>100</CX>
			<CY>35</CY>
		</Size>
		<!-- Name Plate Text -->
		<TextOffsetX>22</TextOffsetX>
		<TextOffsetY>1</TextOffsetY>
		<Font>4</Font>
		<TextColor>
			<R>255</R>
			<G>255</G>
			<B>255</B>
		</TextColor>
		<!-- HP Gauge Background -->  
		<GaugeOffsetX>0</GaugeOffsetX>
		<GaugeOffsetY>18</GaugeOffsetY>
		<Style_VScroll>false</Style_VScroll>
		<Style_HScroll>false</Style_HScroll>
		<Style_Transparent>false</Style_Transparent>
		<FillTint>
			<R>240</R>
			<G>0</G>
			<B>0</B>
		</FillTint>
		<LinesFillTint>
			<R>255</R>
			<G>153</G>
			<B>204</B>
		</LinesFillTint>
		<DrawLinesFill>false</DrawLinesFill>
		<EQType>11</EQType>
		<GaugeDrawTemplate>
			<Background>A_dzBackground</Background>
		</GaugeDrawTemplate>
		<TopAnchorOffset>0</TopAnchorOffset>
		<TopAnchorToTop>True</TopAnchorToTop>
	</Gauge>
	<Gauge item="Party1_HP_0">
		<RelativePosition>true</RelativePosition>
		<Location>
			<X>7</X>
			<Y>42</Y>
		</Location>
		<Size>
			<CX>100</CX>
			<CY>18</CY>
		</Size>
		<GaugeOffsetX>0</GaugeOffsetX>
		<GaugeOffsetY>0</GaugeOffsetY>
		<Text />
		<TextOffsetX>8000</TextOffsetX>
		<Style_VScroll>false</Style_VScroll>
		<Style_HScroll>false</Style_HScroll>
		<Style_Transparent>false</Style_Transparent>
		<FillTint>
			<R>240</R>
			<G>0</G>
			<B>0</B>
		</FillTint>
		<LinesFillTint>
			<R>0</R>
			<G>0</G>
			<B>0</B>
		</LinesFillTint>
		<DrawLinesFill>false</DrawLinesFill>
		<EQType>11</EQType>
		<GaugeDrawTemplate>
			<Fill>A_dzFill</Fill>
		</GaugeDrawTemplate>
	</Gauge>
	<Gauge item="Party1_HP_1A">
		<RelativePosition>true</RelativePosition>
		<Location>
			<X>0</X>
			<Y>0</Y>
		</Location>
		<Size>
			<CX>8000</CX>
			<CY>20</CY>
		</Size>
		<GaugeOffsetX>-2000</GaugeOffsetX>
		<GaugeOffsetY>0</GaugeOffsetY>
		<TextOffsetX>8000</TextOffsetX>
		<Style_VScroll>false</Style_VScroll>
		<Style_HScroll>false</Style_HScroll>
		<Style_Transparent>false</Style_Transparent>
		<FillTint>
			<R>240</R>
			<G>102</G>
			<B>0</B>
		</FillTint>
		<LinesFillTint>
			<R>0</R>
			<G>0</G>
			<B>0</B>
		</LinesFillTint>
		<DrawLinesFill>false</DrawLinesFill>
		<EQType>11</EQType>
		<GaugeDrawTemplate>
			<Fill>GW_GaugeFill1</Fill>
		</GaugeDrawTemplate>
	</Gauge>
	<Screen item="Party1_HP_1A_X">
		<RelativePosition>true</RelativePosition>
		<Location>
			<X>7</X>
			<Y>42</Y>
		</Location>
		<Size>
			<CX>20</CX>
			<CY>18</CY>
		</Size>
		<Style_Transparent>true</Style_Transparent>
		<Pieces>Party1_HP_1A</Pieces>
	</Screen>
	<Gauge item="Party1_HP_1B">
		<RelativePosition>true</RelativePosition>
		<Location>
			<X>27</X>
			<Y>42</Y>
		</Location>
		<Size>
			<CX>80</CX>
			<CY>18</CY>
		</Size>
		<GaugeOffsetX>-20</GaugeOffsetX>
		<GaugeOffsetY>0</GaugeOffsetY>
		<Text />
		<TextOffsetY>8000</TextOffsetY>
		<Style_VScroll>false</Style_VScroll>
		<Style_HScroll>false</Style_HScroll>
		<Style_Transparent>false</Style_Transparent>
		<FillTint>
			<R>240</R>
			<G>102</G>
			<B>0</B>
		</FillTint>
		<LinesFillTint>
			<R>0</R>
			<G>0</G>
			<B>0</B>
		</LinesFillTint>
		<DrawLinesFill>false</DrawLinesFill>
		<EQType>11</EQType>
		<GaugeDrawTemplate>
			<Fill>A_dzFill</Fill>
		</GaugeDrawTemplate>
	</Gauge>
	<Gauge item="Party1_HP_2A">
		<RelativePosition>true</RelativePosition>
		<Location>
			<X>0</X>
			<Y>0</Y>
		</Location>
		<Size>
			<CX>6000</CX>
			<CY>20</CY>
		</Size>
		<GaugeOffsetX>-4000</GaugeOffsetX>
		<GaugeOffsetY>0</GaugeOffsetY>
		<TextOffsetX>8000</TextOffsetX>
		<Style_VScroll>false</Style_VScroll>
		<Style_HScroll>false</Style_HScroll>
		<Style_Transparent>false</Style_Transparent>
		<FillTint>
			<R>240</R>
			<G>240</G>
			<B>0</B>
		</FillTint>
		<LinesFillTint>
			<R>0</R>
			<G>0</G>
			<B>0</B>
		</LinesFillTint>
		<DrawLinesFill>false</DrawLinesFill>
		<EQType>11</EQType>
		<GaugeDrawTemplate>
			<Fill>GW_GaugeFill2</Fill>
		</GaugeDrawTemplate>
	</Gauge>
	<Screen item="Party1_HP_2A_X">
		<RelativePosition>true</RelativePosition>
		<Location>
			<X>7</X>
			<Y>42</Y>
		</Location>
		<Size>
			<CX>40</CX>
			<CY>18</CY>
		</Size>
		<Style_Transparent>true</Style_Transparent>
		<Pieces>Party1_HP_2A</Pieces>
	</Screen>
	<Gauge item="Party1_HP_2B">
		<RelativePosition>true</RelativePosition>
		<Location>
			<X>47</X>
			<Y>42</Y>
		</Location>
		<Size>
			<CX>60</CX>
			<CY>18</CY>
		</Size>
		<GaugeOffsetX>-40</GaugeOffsetX>
		<GaugeOffsetY>0</GaugeOffsetY>
		<Text />
		<TextOffsetY>8000</TextOffsetY>
		<Style_VScroll>false</Style_VScroll>
		<Style_HScroll>false</Style_HScroll>
		<Style_Transparent>false</Style_Transparent>
		<FillTint>
			<R>240</R>
			<G>240</G>
			<B>0</B>
		</FillTint>
		<LinesFillTint>
			<R>0</R>
			<G>0</G>
			<B>0</B>
		</LinesFillTint>
		<DrawLinesFill>false</DrawLinesFill>
		<EQType>11</EQType>
		<GaugeDrawTemplate>
			<Fill>A_dzFill</Fill>
		</GaugeDrawTemplate>
	</Gauge>
	<Gauge item="Party1_HP_3A">
		<RelativePosition>true</RelativePosition>
		<Location>
			<X>0</X>
			<Y>0</Y>
		</Location>
		<Size>
			<CX>4000</CX>
			<CY>20</CY>
		</Size>
		<GaugeOffsetX>-6000</GaugeOffsetX>
		<GaugeOffsetY>0</GaugeOffsetY>
		<TextOffsetX>8000</TextOffsetX>
		<Style_VScroll>false</Style_VScroll>
		<Style_HScroll>false</Style_HScroll>
		<Style_Transparent>false</Style_Transparent>
		<FillTint>
			<R>173</R>
			<G>255</G>
			<B>47</B>
		</FillTint>
		<LinesFillTint>
			<R>0</R>
			<G>0</G>
			<B>0</B>
		</LinesFillTint>
		<DrawLinesFill>false</DrawLinesFill>
		<EQType>11</EQType>
		<GaugeDrawTemplate>
			<Fill>GW_GaugeFill3</Fill>
		</GaugeDrawTemplate>
	</Gauge>
	<Screen item="Party1_HP_3A_X">
		<RelativePosition>true</RelativePosition>
		<Location>
			<X>7</X>
			<Y>42</Y>
		</Location>
		<Size>
			<CX>60</CX>
			<CY>18</CY>
		</Size>
		<Style_Transparent>true</Style_Transparent>
		<Pieces>Party1_HP_3A</Pieces>
	</Screen>
	<Gauge item="Party1_HP_3B">
		<RelativePosition>true</RelativePosition>
		<Location>
			<X>67</X>
			<Y>42</Y>
		</Location>
		<Size>
			<CX>40</CX>
			<CY>18</CY>
		</Size>
		<GaugeOffsetX>-60</GaugeOffsetX>
		<GaugeOffsetY>0</GaugeOffsetY>
		<Text />
		<TextOffsetY>8000</TextOffsetY>
		<Style_VScroll>false</Style_VScroll>
		<Style_HScroll>false</Style_HScroll>
		<Style_Transparent>false</Style_Transparent>
		<FillTint>
			<R>173</R>
			<G>255</G>
			<B>47</B>
		</FillTint>
		<LinesFillTint>
			<R>0</R>
			<G>0</G>
			<B>0</B>
		</LinesFillTint>
		<DrawLinesFill>false</DrawLinesFill>
		<EQType>11</EQType>
		<GaugeDrawTemplate>
			<Fill>A_dzFill</Fill>
		</GaugeDrawTemplate>
	</Gauge>
	<Gauge item="Party1_HP_4A">
		<RelativePosition>true</RelativePosition>
		<Location>
			<X>0</X>
			<Y>0</Y>
		</Location>
		<Size>
			<CX>2000</CX>
			<CY>20</CY>
		</Size>
		<GaugeOffsetX>-8000</GaugeOffsetX>
		<GaugeOffsetY>0</GaugeOffsetY>
		<TextOffsetX>8000</TextOffsetX>
		<Style_VScroll>false</Style_VScroll>
		<Style_HScroll>false</Style_HScroll>
		<Style_Transparent>false</Style_Transparent>
		<FillTint>
			<R>0</R>
			<G>240</G>
			<B>0</B>
		</FillTint>
		<LinesFillTint>
			<R>0</R>
			<G>0</G>
			<B>0</B>
		</LinesFillTint>
		<DrawLinesFill>false</DrawLinesFill>
		<EQType>11</EQType>
		<GaugeDrawTemplate>
			<Fill>GW_GaugeFill4</Fill>
		</GaugeDrawTemplate>
	</Gauge>
	<Screen item="Party1_HP_4A_X">
		<RelativePosition>true</RelativePosition>
		<Location>
			<X>7</X>
			<Y>42</Y>
		</Location>
		<Size>
			<CX>80</CX>
			<CY>18</CY>
		</Size>
		<Style_Transparent>true</Style_Transparent>
		<Pieces>Party1_HP_4A</Pieces>
	</Screen>
	<Gauge item="Party1_HP_4B">
		<RelativePosition>true</RelativePosition>
		<Location>
			<X>87</X>
			<Y>42</Y>
		</Location>
		<Size>
			<CX>20</CX>
			<CY>18</CY>
		</Size>
		<GaugeOffsetX>-80</GaugeOffsetX>
		<GaugeOffsetY>0</GaugeOffsetY>
		<Text />
		<TextOffsetY>8000</TextOffsetY>
		<Style_VScroll>false</Style_VScroll>
		<Style_HScroll>false</Style_HScroll>
		<Style_Transparent>false</Style_Transparent>
		<FillTint>
			<R>0</R>
			<G>240</G>
			<B>0</B>
		</FillTint>
		<LinesFillTint>
			<R>0</R>
			<G>0</G>
			<B>0</B>
		</LinesFillTint>
		<DrawLinesFill>false</DrawLinesFill>
		<EQType>11</EQType>
		<GaugeDrawTemplate>
			<Fill>A_dzFill</Fill>
		</GaugeDrawTemplate>
	</Gauge>
	<Gauge item="GW_PetGauge1">
		<ScreenID>PetGauge1</ScreenID>
		<RelativePosition>true</RelativePosition>
		<Location>
			<X>7</X>
			<Y>55</Y>
		</Location>
		<Size>
			<CX>100</CX>
			<CY>5</CY>
		</Size>
		<Font>3</Font>
		<TextColor>
			<R>255</R>
			<G>255</G>
			<B>255</B>
		</TextColor>
		<TextOffsetX>420</TextOffsetX>
		<TextOffsetY>0</TextOffsetY>
		<GaugeOffsetX>0</GaugeOffsetX>
		<GaugeOffsetY>0</GaugeOffsetY>
		<Style_VScroll>false</Style_VScroll>
		<Style_HScroll>false</Style_HScroll>
		<Style_Transparent>false</Style_Transparent>
		<!--<TooltipReference/>-->
		<FillTint>
			<R>222</R>
			<G>73</G>
			<B>242</B>
			<Alpha>255</Alpha>
		</FillTint>
		<LinesFillTint>
			<R>220</R>
			<G>220</G>
			<B>0</B>
		</LinesFillTint>
		<DrawLinesFill>false</DrawLinesFill>
		<EQType>17</EQType>
		<GaugeDrawTemplate>
			<Background>A_dzThinBackground</Background>
			<Fill>A_dzThinFill</Fill>
			<!--<Lines>A_GaugeLines</Lines>-->
			<!--<LinesFill>A_GaugeLinesFill</LinesFill>-->
			<!--<EndCapLeft>A_GaugeEndCapLeft</EndCapLeft>-->
			<!--<EndCapRight>A_GaugeEndCapRight</EndCapRight>-->
		</GaugeDrawTemplate>
	</Gauge>
	<!-- Party2 -->
	<StaticAnimation item="GW_LineDivider2">
		<ScreenID>GW_LineDivider2</ScreenID>
		<Location>
			<X>7</X>
			<Y>62</Y>
		</Location>
		<Size>
			<CX>126</CX>
			<CY>1</CY>
		</Size>
		<Animation>GW_LineDivider</Animation>
	</StaticAnimation>
	<Gauge item="Party2_HP_BG">
		<ScreenID>Gauge1</ScreenID>
		<RelativePosition>true</RelativePosition>
		<Location>
			<X>7</X>
			<Y>62</Y>
		</Location>
		<Size>
			<CX>100</CX>
			<CY>35</CY>
		</Size>
		<!-- Name Plate Text -->
		<TextOffsetX>22</TextOffsetX>
		<TextOffsetY>1</TextOffsetY>
		<Font>4</Font>
		<TextColor>
			<R>255</R>
			<G>255</G>
			<B>255</B>
		</TextColor>
		<!-- HP Gauge Background -->  
		<GaugeOffsetX>0</GaugeOffsetX>
		<GaugeOffsetY>18</GaugeOffsetY>
		<Style_VScroll>false</Style_VScroll>
		<Style_HScroll>false</Style_HScroll>
		<Style_Transparent>false</Style_Transparent>
		<FillTint>
			<R>240</R>
			<G>0</G>
			<B>0</B>
		</FillTint>
		<LinesFillTint>
			<R>255</R>
			<G>153</G>
			<B>204</B>
		</LinesFillTint>
		<DrawLinesFill>false</DrawLinesFill>
		<EQType>12</EQType>
		<GaugeDrawTemplate>
			<Background>A_dzBackground</Background>
		</GaugeDrawTemplate>
	</Gauge>
	<Gauge item="Party2_HP_0">
		<RelativePosition>true</RelativePosition>
		<Location>
			<X>7</X>
			<Y>80</Y>
		</Location>
		<Size>
			<CX>100</CX>
			<CY>18</CY>
		</Size>
		<GaugeOffsetX>0</GaugeOffsetX>
		<GaugeOffsetY>0</GaugeOffsetY>
		<Text />
		<TextOffsetX>8000</TextOffsetX>
		<Style_VScroll>false</Style_VScroll>
		<Style_HScroll>false</Style_HScroll>
		<Style_Transparent>false</Style_Transparent>
		<FillTint>
			<R>240</R>
			<G>0</G>
			<B>0</B>
		</FillTint>
		<LinesFillTint>
			<R>0</R>
			<G>0</G>
			<B>0</B>
		</LinesFillTint>
		<DrawLinesFill>false</DrawLinesFill>
		<EQType>12</EQType>
		<GaugeDrawTemplate>
			<Fill>A_dzFill</Fill>
		</GaugeDrawTemplate>
	</Gauge>
	<Gauge item="Party2_HP_1A">
		<RelativePosition>true</RelativePosition>
		<Location>
			<X>0</X>
			<Y>0</Y>
		</Location>
		<Size>
			<CX>8000</CX>
			<CY>20</CY>
		</Size>
		<GaugeOffsetX>-2000</GaugeOffsetX>
		<GaugeOffsetY>0</GaugeOffsetY>
		<TextOffsetX>8000</TextOffsetX>
		<Style_VScroll>false</Style_VScroll>
		<Style_HScroll>false</Style_HScroll>
		<Style_Transparent>false</Style_Transparent>
		<FillTint>
			<R>240</R>
			<G>102</G>
			<B>0</B>
		</FillTint>
		<LinesFillTint>
			<R>0</R>
			<G>0</G>
			<B>0</B>
		</LinesFillTint>
		<DrawLinesFill>false</DrawLinesFill>
		<EQType>12</EQType>
		<GaugeDrawTemplate>
			<Fill>GW_GaugeFill1</Fill>
		</GaugeDrawTemplate>
	</Gauge>
	<Screen item="Party2_HP_1A_X">
		<RelativePosition>true</RelativePosition>
		<Location>
			<X>7</X>
			<Y>80</Y>
		</Location>
		<Size>
			<CX>20</CX>
			<CY>18</CY>
		</Size>
		<Style_Transparent>true</Style_Transparent>
		<Pieces>Party2_HP_1A</Pieces>
	</Screen>
	<Gauge item="Party2_HP_1B">
		<RelativePosition>true</RelativePosition>
		<Location>
			<X>27</X>
			<Y>80</Y>
		</Location>
		<Size>
			<CX>80</CX>
			<CY>18</CY>
		</Size>
		<GaugeOffsetX>-20</GaugeOffsetX>
		<GaugeOffsetY>0</GaugeOffsetY>
		<Text />
		<TextOffsetY>8000</TextOffsetY>
		<Style_VScroll>false</Style_VScroll>
		<Style_HScroll>false</Style_HScroll>
		<Style_Transparent>false</Style_Transparent>
		<FillTint>
			<R>240</R>
			<G>102</G>
			<B>0</B>
		</FillTint>
		<LinesFillTint>
			<R>0</R>
			<G>0</G>
			<B>0</B>
		</LinesFillTint>
		<DrawLinesFill>false</DrawLinesFill>
		<EQType>12</EQType>
		<GaugeDrawTemplate>
			<Fill>A_dzFill</Fill>
		</GaugeDrawTemplate>
	</Gauge>
	<Gauge item="Party2_HP_2A">
		<RelativePosition>true</RelativePosition>
		<Location>
			<X>0</X>
			<Y>0</Y>
		</Location>
		<Size>
			<CX>6000</CX>
			<CY>20</CY>
		</Size>
		<GaugeOffsetX>-4000</GaugeOffsetX>
		<GaugeOffsetY>0</GaugeOffsetY>
		<TextOffsetX>8000</TextOffsetX>
		<Style_VScroll>false</Style_VScroll>
		<Style_HScroll>false</Style_HScroll>
		<Style_Transparent>false</Style_Transparent>
		<FillTint>
			<R>240</R>
			<G>240</G>
			<B>0</B>
		</FillTint>
		<LinesFillTint>
			<R>0</R>
			<G>0</G>
			<B>0</B>
		</LinesFillTint>
		<DrawLinesFill>false</DrawLinesFill>
		<EQType>12</EQType>
		<GaugeDrawTemplate>
			<Fill>GW_GaugeFill2</Fill>
		</GaugeDrawTemplate>
	</Gauge>
	<Screen item="Party2_HP_2A_X">
		<RelativePosition>true</RelativePosition>
		<Location>
			<X>7</X>
			<Y>80</Y>
		</Location>
		<Size>
			<CX>40</CX>
			<CY>18</CY>
		</Size>
		<Style_Transparent>true</Style_Transparent>
		<Pieces>Party2_HP_2A</Pieces>
	</Screen>
	<Gauge item="Party2_HP_2B">
		<RelativePosition>true</RelativePosition>
		<Location>
			<X>47</X>
			<Y>80</Y>
		</Location>
		<Size>
			<CX>60</CX>
			<CY>18</CY>
		</Size>
		<GaugeOffsetX>-40</GaugeOffsetX>
		<GaugeOffsetY>0</GaugeOffsetY>
		<Text />
		<TextOffsetY>8000</TextOffsetY>
		<Style_VScroll>false</Style_VScroll>
		<Style_HScroll>false</Style_HScroll>
		<Style_Transparent>false</Style_Transparent>
		<FillTint>
			<R>240</R>
			<G>240</G>
			<B>0</B>
		</FillTint>
		<LinesFillTint>
			<R>0</R>
			<G>0</G>
			<B>0</B>
		</LinesFillTint>
		<DrawLinesFill>false</DrawLinesFill>
		<EQType>12</EQType>
		<GaugeDrawTemplate>
			<Fill>A_dzFill</Fill>
		</GaugeDrawTemplate>
	</Gauge>
	<Gauge item="Party2_HP_3A">
		<RelativePosition>true</RelativePosition>
		<Location>
			<X>0</X>
			<Y>0</Y>
		</Location>
		<Size>
			<CX>4000</CX>
			<CY>20</CY>
		</Size>
		<GaugeOffsetX>-6000</GaugeOffsetX>
		<GaugeOffsetY>0</GaugeOffsetY>
		<TextOffsetX>8000</TextOffsetX>
		<Style_VScroll>false</Style_VScroll>
		<Style_HScroll>false</Style_HScroll>
		<Style_Transparent>false</Style_Transparent>
		<FillTint>
			<R>173</R>
			<G>255</G>
			<B>47</B>
		</FillTint>
		<LinesFillTint>
			<R>0</R>
			<G>0</G>
			<B>0</B>
		</LinesFillTint>
		<DrawLinesFill>false</DrawLinesFill>
		<EQType>12</EQType>
		<GaugeDrawTemplate>
			<Fill>GW_GaugeFill3</Fill>
		</GaugeDrawTemplate>
	</Gauge>
	<Screen item="Party2_HP_3A_X">
		<RelativePosition>true</RelativePosition>
		<Location>
			<X>7</X>
			<Y>80</Y>
		</Location>
		<Size>
			<CX>60</CX>
			<CY>18</CY>
		</Size>
		<Style_Transparent>true</Style_Transparent>
		<Pieces>Party2_HP_3A</Pieces>
	</Screen>
	<Gauge item="Party2_HP_3B">
		<RelativePosition>true</RelativePosition>
		<Location>
			<X>67</X>
			<Y>80</Y>
		</Location>
		<Size>
			<CX>40</CX>
			<CY>18</CY>
		</Size>
		<GaugeOffsetX>-60</GaugeOffsetX>
		<GaugeOffsetY>0</GaugeOffsetY>
		<Text />
		<TextOffsetY>8000</TextOffsetY>
		<Style_VScroll>false</Style_VScroll>
		<Style_HScroll>false</Style_HScroll>
		<Style_Transparent>false</Style_Transparent>
		<FillTint>
			<R>173</R>
			<G>255</G>
			<B>47</B>
		</FillTint>
		<LinesFillTint>
			<R>0</R>
			<G>0</G>
			<B>0</B>
		</LinesFillTint>
		<DrawLinesFill>false</DrawLinesFill>
		<EQType>12</EQType>
		<GaugeDrawTemplate>
			<Fill>A_dzFill</Fill>
		</GaugeDrawTemplate>
	</Gauge>
	<Gauge item="Party2_HP_4A">
		<RelativePosition>true</RelativePosition>
		<Location>
			<X>0</X>
			<Y>0</Y>
		</Location>
		<Size>
			<CX>2000</CX>
			<CY>20</CY>
		</Size>
		<GaugeOffsetX>-8000</GaugeOffsetX>
		<GaugeOffsetY>0</GaugeOffsetY>
		<TextOffsetX>8000</TextOffsetX>
		<Style_VScroll>false</Style_VScroll>
		<Style_HScroll>false</Style_HScroll>
		<Style_Transparent>false</Style_Transparent>
		<FillTint>
			<R>0</R>
			<G>240</G>
			<B>0</B>
		</FillTint>
		<LinesFillTint>
			<R>0</R>
			<G>0</G>
			<B>0</B>
		</LinesFillTint>
		<DrawLinesFill>false</DrawLinesFill>
		<EQType>12</EQType>
		<GaugeDrawTemplate>
			<Fill>GW_GaugeFill4</Fill>
		</GaugeDrawTemplate>
	</Gauge>
	<Screen item="Party2_HP_4A_X">
		<RelativePosition>true</RelativePosition>
		<Location>
			<X>7</X>
			<Y>80</Y>
		</Location>
		<Size>
			<CX>80</CX>
			<CY>18</CY>
		</Size>
		<Style_Transparent>true</Style_Transparent>
		<Pieces>Party2_HP_4A</Pieces>
	</Screen>
	<Gauge item="Party2_HP_4B">
		<RelativePosition>true</RelativePosition>
		<Location>
			<X>87</X>
			<Y>80</Y>
		</Location>
		<Size>
			<CX>20</CX>
			<CY>18</CY>
		</Size>
		<GaugeOffsetX>-80</GaugeOffsetX>
		<GaugeOffsetY>0</GaugeOffsetY>
		<Text />
		<TextOffsetY>8000</TextOffsetY>
		<Style_VScroll>false</Style_VScroll>
		<Style_HScroll>false</Style_HScroll>
		<Style_Transparent>false</Style_Transparent>
		<FillTint>
			<R>0</R>
			<G>240</G>
			<B>0</B>
		</FillTint>
		<LinesFillTint>
			<R>0</R>
			<G>0</G>
			<B>0</B>
		</LinesFillTint>
		<DrawLinesFill>false</DrawLinesFill>
		<EQType>12</EQType>
		<GaugeDrawTemplate>
			<Fill>A_dzFill</Fill>
		</GaugeDrawTemplate>
	</Gauge>
	<Gauge item="GW_PetGauge2">
		<ScreenID>PetGauge2</ScreenID>
		<RelativePosition>true</RelativePosition>
		<Location>
			<X>7</X>
			<Y>93</Y>
		</Location>
		<Size>
			<CX>100</CX>
			<CY>5</CY>
		</Size>
		<Font>3</Font>
		<TextColor>
			<R>255</R>
			<G>255</G>
			<B>255</B>
		</TextColor>
		<TextOffsetX>420</TextOffsetX>
		<TextOffsetY>0</TextOffsetY>
		<GaugeOffsetX>0</GaugeOffsetX>
		<GaugeOffsetY>0</GaugeOffsetY>
		<Style_VScroll>false</Style_VScroll>
		<Style_HScroll>false</Style_HScroll>
		<Style_Transparent>false</Style_Transparent>
		<!--<TooltipReference/>-->
		<FillTint>
			<R>222</R>
			<G>73</G>
			<B>242</B>
			<Alpha>255</Alpha>
		</FillTint>
		<LinesFillTint>
			<R>220</R>
			<G>220</G>
			<B>0</B>
		</LinesFillTint>
		<DrawLinesFill>false</DrawLinesFill>
		<EQType>18</EQType>
		<GaugeDrawTemplate>
			<Background>A_dzThinBackground</Background>
			<Fill>A_dzThinFill</Fill>
			<!--<Lines>A_GaugeLines</Lines>-->
			<!--<LinesFill>A_GaugeLinesFill</LinesFill>-->
			<!--<EndCapLeft>A_GaugeEndCapLeft</EndCapLeft>-->
			<!--<EndCapRight>A_GaugeEndCapRight</EndCapRight>-->
		</GaugeDrawTemplate>
	</Gauge>
	<!-- Party3 -->
	<StaticAnimation item="GW_LineDivider3">
		<ScreenID>GW_LineDivider3</ScreenID>
		<Location>
			<X>7</X>
			<Y>100</Y>
		</Location>
		<Size>
			<CX>126</CX>
			<CY>1</CY>
		</Size>
		<Animation>GW_LineDivider</Animation>
	</StaticAnimation>
	<Gauge item="Party3_HP_BG">
		<ScreenID>Gauge1</ScreenID>
		<RelativePosition>true</RelativePosition>
		<Location>
			<X>7</X>
			<Y>100</Y>
		</Location>
		<Size>
			<CX>100</CX>
			<CY>35</CY>
		</Size>
		<!-- Name Plate Text -->
		<TextOffsetX>22</TextOffsetX>
		<TextOffsetY>1</TextOffsetY>
		<Font>4</Font>
		<TextColor>
			<R>255</R>
			<G>255</G>
			<B>255</B>
		</TextColor>
		<!-- HP Gauge Background -->  
		<GaugeOffsetX>0</GaugeOffsetX>
		<GaugeOffsetY>18</GaugeOffsetY>
		<Style_VScroll>false</Style_VScroll>
		<Style_HScroll>false</Style_HScroll>
		<Style_Transparent>false</Style_Transparent>
		<FillTint>
			<R>240</R>
			<G>0</G>
			<B>0</B>
		</FillTint>
		<LinesFillTint>
			<R>255</R>
			<G>153</G>
			<B>204</B>
		</LinesFillTint>
		<DrawLinesFill>false</DrawLinesFill>
		<EQType>13</EQType>
		<GaugeDrawTemplate>
			<Background>A_dzBackground</Background>
		</GaugeDrawTemplate>
	</Gauge>
	<Gauge item="Party3_HP_0">
		<RelativePosition>true</RelativePosition>
		<Location>
			<X>7</X>
			<Y>118</Y>
		</Location>
		<Size>
			<CX>100</CX>
			<CY>18</CY>
		</Size>
		<GaugeOffsetX>0</GaugeOffsetX>
		<GaugeOffsetY>0</GaugeOffsetY>
		<Text />
		<TextOffsetX>8000</TextOffsetX>
		<Style_VScroll>false</Style_VScroll>
		<Style_HScroll>false</Style_HScroll>
		<Style_Transparent>false</Style_Transparent>
		<FillTint>
			<R>240</R>
			<G>0</G>
			<B>0</B>
		</FillTint>
		<LinesFillTint>
			<R>0</R>
			<G>0</G>
			<B>0</B>
		</LinesFillTint>
		<DrawLinesFill>false</DrawLinesFill>
		<EQType>13</EQType>
		<GaugeDrawTemplate>
			<Fill>A_dzFill</Fill>
		</GaugeDrawTemplate>
	</Gauge>
	<Gauge item="Party3_HP_1A">
		<RelativePosition>true</RelativePosition>
		<Location>
			<X>0</X>
			<Y>0</Y>
		</Location>
		<Size>
			<CX>8000</CX>
			<CY>20</CY>
		</Size>
		<GaugeOffsetX>-2000</GaugeOffsetX>
		<GaugeOffsetY>0</GaugeOffsetY>
		<TextOffsetX>8000</TextOffsetX>
		<Style_VScroll>false</Style_VScroll>
		<Style_HScroll>false</Style_HScroll>
		<Style_Transparent>false</Style_Transparent>
		<FillTint>
			<R>240</R>
			<G>102</G>
			<B>0</B>
		</FillTint>
		<LinesFillTint>
			<R>0</R>
			<G>0</G>
			<B>0</B>
		</LinesFillTint>
		<DrawLinesFill>false</DrawLinesFill>
		<EQType>13</EQType>
		<GaugeDrawTemplate>
			<Fill>GW_GaugeFill1</Fill>
		</GaugeDrawTemplate>
	</Gauge>
	<Screen item="Party3_HP_1A_X">
		<RelativePosition>true</RelativePosition>
		<Location>
			<X>7</X>
			<Y>118</Y>
		</Location>
		<Size>
			<CX>20</CX>
			<CY>18</CY>
		</Size>
		<Style_Transparent>true</Style_Transparent>
		<Pieces>Party3_HP_1A</Pieces>
	</Screen>
	<Gauge item="Party3_HP_1B">
		<RelativePosition>true</RelativePosition>
		<Location>
			<X>27</X>
			<Y>118</Y>
		</Location>
		<Size>
			<CX>80</CX>
			<CY>18</CY>
		</Size>
		<GaugeOffsetX>-20</GaugeOffsetX>
		<GaugeOffsetY>0</GaugeOffsetY>
		<Text />
		<TextOffsetY>8000</TextOffsetY>
		<Style_VScroll>false</Style_VScroll>
		<Style_HScroll>false</Style_HScroll>
		<Style_Transparent>false</Style_Transparent>
		<FillTint>
			<R>240</R>
			<G>102</G>
			<B>0</B>
		</FillTint>
		<LinesFillTint>
			<R>0</R>
			<G>0</G>
			<B>0</B>
		</LinesFillTint>
		<DrawLinesFill>false</DrawLinesFill>
		<EQType>13</EQType>
		<GaugeDrawTemplate>
			<Fill>A_dzFill</Fill>
		</GaugeDrawTemplate>
	</Gauge>
	<Gauge item="Party3_HP_2A">
		<RelativePosition>true</RelativePosition>
		<Location>
			<X>0</X>
			<Y>0</Y>
		</Location>
		<Size>
			<CX>6000</CX>
			<CY>20</CY>
		</Size>
		<GaugeOffsetX>-4000</GaugeOffsetX>
		<GaugeOffsetY>0</GaugeOffsetY>
		<TextOffsetX>8000</TextOffsetX>
		<Style_VScroll>false</Style_VScroll>
		<Style_HScroll>false</Style_HScroll>
		<Style_Transparent>false</Style_Transparent>
		<FillTint>
			<R>240</R>
			<G>240</G>
			<B>0</B>
		</FillTint>
		<LinesFillTint>
			<R>0</R>
			<G>0</G>
			<B>0</B>
		</LinesFillTint>
		<DrawLinesFill>false</DrawLinesFill>
		<EQType>13</EQType>
		<GaugeDrawTemplate>
			<Fill>GW_GaugeFill2</Fill>
		</GaugeDrawTemplate>
	</Gauge>
	<Screen item="Party3_HP_2A_X">
		<RelativePosition>true</RelativePosition>
		<Location>
			<X>7</X>
			<Y>118</Y>
		</Location>
		<Size>
			<CX>40</CX>
			<CY>18</CY>
		</Size>
		<Style_Transparent>true</Style_Transparent>
		<Pieces>Party3_HP_2A</Pieces>
	</Screen>
	<Gauge item="Party3_HP_2B">
		<RelativePosition>true</RelativePosition>
		<Location>
			<X>47</X>
			<Y>118</Y>
		</Location>
		<Size>
			<CX>60</CX>
			<CY>18</CY>
		</Size>
		<GaugeOffsetX>-40</GaugeOffsetX>
		<GaugeOffsetY>0</GaugeOffsetY>
		<Text />
		<TextOffsetY>8000</TextOffsetY>
		<Style_VScroll>false</Style_VScroll>
		<Style_HScroll>false</Style_HScroll>
		<Style_Transparent>false</Style_Transparent>
		<FillTint>
			<R>240</R>
			<G>240</G>
			<B>0</B>
		</FillTint>
		<LinesFillTint>
			<R>0</R>
			<G>0</G>
			<B>0</B>
		</LinesFillTint>
		<DrawLinesFill>false</DrawLinesFill>
		<EQType>13</EQType>
		<GaugeDrawTemplate>
			<Fill>A_dzFill</Fill>
		</GaugeDrawTemplate>
	</Gauge>
	<Gauge item="Party3_HP_3A">
		<RelativePosition>true</RelativePosition>
		<Location>
			<X>0</X>
			<Y>0</Y>
		</Location>
		<Size>
			<CX>4000</CX>
			<CY>20</CY>
		</Size>
		<GaugeOffsetX>-6000</GaugeOffsetX>
		<GaugeOffsetY>0</GaugeOffsetY>
		<TextOffsetX>8000</TextOffsetX>
		<Style_VScroll>false</Style_VScroll>
		<Style_HScroll>false</Style_HScroll>
		<Style_Transparent>false</Style_Transparent>
		<FillTint>
			<R>173</R>
			<G>255</G>
			<B>47</B>
		</FillTint>
		<LinesFillTint>
			<R>0</R>
			<G>0</G>
			<B>0</B>
		</LinesFillTint>
		<DrawLinesFill>false</DrawLinesFill>
		<EQType>13</EQType>
		<GaugeDrawTemplate>
			<Fill>GW_GaugeFill3</Fill>
		</GaugeDrawTemplate>
	</Gauge>
	<Screen item="Party3_HP_3A_X">
		<RelativePosition>true</RelativePosition>
		<Location>
			<X>7</X>
			<Y>118</Y>
		</Location>
		<Size>
			<CX>60</CX>
			<CY>18</CY>
		</Size>
		<Style_Transparent>true</Style_Transparent>
		<Pieces>Party3_HP_3A</Pieces>
	</Screen>
	<Gauge item="Party3_HP_3B">
		<RelativePosition>true</RelativePosition>
		<Location>
			<X>67</X>
			<Y>118</Y>
		</Location>
		<Size>
			<CX>40</CX>
			<CY>18</CY>
		</Size>
		<GaugeOffsetX>-60</GaugeOffsetX>
		<GaugeOffsetY>0</GaugeOffsetY>
		<Text />
		<TextOffsetY>8000</TextOffsetY>
		<Style_VScroll>false</Style_VScroll>
		<Style_HScroll>false</Style_HScroll>
		<Style_Transparent>false</Style_Transparent>
		<FillTint>
			<R>173</R>
			<G>255</G>
			<B>47</B>
		</FillTint>
		<LinesFillTint>
			<R>0</R>
			<G>0</G>
			<B>0</B>
		</LinesFillTint>
		<DrawLinesFill>false</DrawLinesFill>
		<EQType>13</EQType>
		<GaugeDrawTemplate>
			<Fill>A_dzFill</Fill>
		</GaugeDrawTemplate>
	</Gauge>
	<Gauge item="Party3_HP_4A">
		<RelativePosition>true</RelativePosition>
		<Location>
			<X>0</X>
			<Y>0</Y>
		</Location>
		<Size>
			<CX>2000</CX>
			<CY>20</CY>
		</Size>
		<GaugeOffsetX>-8000</GaugeOffsetX>
		<GaugeOffsetY>0</GaugeOffsetY>
		<TextOffsetX>8000</TextOffsetX>
		<Style_VScroll>false</Style_VScroll>
		<Style_HScroll>false</Style_HScroll>
		<Style_Transparent>false</Style_Transparent>
		<FillTint>
			<R>0</R>
			<G>240</G>
			<B>0</B>
		</FillTint>
		<LinesFillTint>
			<R>0</R>
			<G>0</G>
			<B>0</B>
		</LinesFillTint>
		<DrawLinesFill>false</DrawLinesFill>
		<EQType>13</EQType>
		<GaugeDrawTemplate>
			<Fill>GW_GaugeFill4</Fill>
		</GaugeDrawTemplate>
	</Gauge>
	<Screen item="Party3_HP_4A_X">
		<RelativePosition>true</RelativePosition>
		<Location>
			<X>7</X>
			<Y>118</Y>
		</Location>
		<Size>
			<CX>80</CX>
			<CY>18</CY>
		</Size>
		<Style_Transparent>true</Style_Transparent>
		<Pieces>Party3_HP_4A</Pieces>
	</Screen>
	<Gauge item="Party3_HP_4B">
		<RelativePosition>true</RelativePosition>
		<Location>
			<X>87</X>
			<Y>118</Y>
		</Location>
		<Size>
			<CX>20</CX>
			<CY>18</CY>
		</Size>
		<GaugeOffsetX>-80</GaugeOffsetX>
		<GaugeOffsetY>0</GaugeOffsetY>
		<Text />
		<TextOffsetY>8000</TextOffsetY>
		<Style_VScroll>false</Style_VScroll>
		<Style_HScroll>false</Style_HScroll>
		<Style_Transparent>false</Style_Transparent>
		<FillTint>
			<R>0</R>
			<G>240</G>
			<B>0</B>
		</FillTint>
		<LinesFillTint>
			<R>0</R>
			<G>0</G>
			<B>0</B>
		</LinesFillTint>
		<DrawLinesFill>false</DrawLinesFill>
		<EQType>13</EQType>
		<GaugeDrawTemplate>
			<Fill>A_dzFill</Fill>
		</GaugeDrawTemplate>
	</Gauge>
	<Gauge item="GW_PetGauge3">
		<ScreenID>PetGauge3</ScreenID>
		<RelativePosition>true</RelativePosition>
		<Location>
			<X>7</X>
			<Y>131</Y>
		</Location>
		<Size>
			<CX>100</CX>
			<CY>5</CY>
		</Size>
		<Font>3</Font>
		<TextColor>
			<R>255</R>
			<G>255</G>
			<B>255</B>
		</TextColor>
		<TextOffsetX>420</TextOffsetX>
		<TextOffsetY>0</TextOffsetY>
		<GaugeOffsetX>0</GaugeOffsetX>
		<GaugeOffsetY>0</GaugeOffsetY>
		<Style_VScroll>false</Style_VScroll>
		<Style_HScroll>false</Style_HScroll>
		<Style_Transparent>false</Style_Transparent>
		<!--<TooltipReference/>-->
		<FillTint>
			<R>222</R>
			<G>73</G>
			<B>242</B>
			<Alpha>255</Alpha>
		</FillTint>
		<LinesFillTint>
			<R>220</R>
			<G>220</G>
			<B>0</B>
		</LinesFillTint>
		<DrawLinesFill>false</DrawLinesFill>
		<EQType>19</EQType>
		<GaugeDrawTemplate>
			<Background>A_dzThinBackground</Background>
			<Fill>A_dzThinFill</Fill>
			<!--<Lines>A_GaugeLines</Lines>-->
			<!--<LinesFill>A_GaugeLinesFill</LinesFill>-->
			<!--<EndCapLeft>A_GaugeEndCapLeft</EndCapLeft>-->
			<!--<EndCapRight>A_GaugeEndCapRight</EndCapRight>-->
		</GaugeDrawTemplate>
	</Gauge>
	<!-- Party4 -->
	<StaticAnimation item="GW_LineDivider4">
		<ScreenID>GW_LineDivider4</ScreenID>
		<Location>
			<X>7</X>
			<Y>138</Y>
		</Location>
		<Size>
			<CX>126</CX>
			<CY>1</CY>
		</Size>
		<Animation>GW_LineDivider</Animation>
	</StaticAnimation>
	<Gauge item="Party4_HP_BG">
		<ScreenID>Gauge1</ScreenID>
		<RelativePosition>true</RelativePosition>
		<Location>
			<X>7</X>
			<Y>138</Y>
		</Location>
		<Size>
			<CX>100</CX>
			<CY>35</CY>
		</Size>
		<!-- Name Plate Text -->
		<TextOffsetX>22</TextOffsetX>
		<TextOffsetY>1</TextOffsetY>
		<Font>4</Font>
		<TextColor>
			<R>255</R>
			<G>255</G>
			<B>255</B>
		</TextColor>
		<!-- HP Gauge Background -->  
		<GaugeOffsetX>0</GaugeOffsetX>
		<GaugeOffsetY>18</GaugeOffsetY>
		<Style_VScroll>false</Style_VScroll>
		<Style_HScroll>false</Style_HScroll>
		<Style_Transparent>false</Style_Transparent>
		<FillTint>
			<R>240</R>
			<G>0</G>
			<B>0</B>
		</FillTint>
		<LinesFillTint>
			<R>255</R>
			<G>153</G>
			<B>204</B>
		</LinesFillTint>
		<DrawLinesFill>false</DrawLinesFill>
		<EQType>14</EQType>
		<GaugeDrawTemplate>
			<Background>A_dzBackground</Background>
		</GaugeDrawTemplate>
	</Gauge>
	<Gauge item="Party4_HP_0">
		<RelativePosition>true</RelativePosition>
		<Location>
			<X>7</X>
			<Y>156</Y>
		</Location>
		<Size>
			<CX>100</CX>
			<CY>18</CY>
		</Size>
		<GaugeOffsetX>0</GaugeOffsetX>
		<GaugeOffsetY>0</GaugeOffsetY>
		<Text />
		<TextOffsetX>8000</TextOffsetX>
		<Style_VScroll>false</Style_VScroll>
		<Style_HScroll>false</Style_HScroll>
		<Style_Transparent>false</Style_Transparent>
		<FillTint>
			<R>240</R>
			<G>0</G>
			<B>0</B>
		</FillTint>
		<LinesFillTint>
			<R>0</R>
			<G>0</G>
			<B>0</B>
		</LinesFillTint>
		<DrawLinesFill>false</DrawLinesFill>
		<EQType>14</EQType>
		<GaugeDrawTemplate>
			<Fill>A_dzFill</Fill>
		</GaugeDrawTemplate>
	</Gauge>
	<Gauge item="Party4_HP_1A">
		<RelativePosition>true</RelativePosition>
		<Location>
			<X>0</X>
			<Y>0</Y>
		</Location>
		<Size>
			<CX>8000</CX>
			<CY>20</CY>
		</Size>
		<GaugeOffsetX>-2000</GaugeOffsetX>
		<GaugeOffsetY>0</GaugeOffsetY>
		<TextOffsetX>8000</TextOffsetX>
		<Style_VScroll>false</Style_VScroll>
		<Style_HScroll>false</Style_HScroll>
		<Style_Transparent>false</Style_Transparent>
		<FillTint>
			<R>240</R>
			<G>102</G>
			<B>0</B>
		</FillTint>
		<LinesFillTint>
			<R>0</R>
			<G>0</G>
			<B>0</B>
		</LinesFillTint>
		<DrawLinesFill>false</DrawLinesFill>
		<EQType>14</EQType>
		<GaugeDrawTemplate>
			<Fill>GW_GaugeFill1</Fill>
		</GaugeDrawTemplate>
	</Gauge>
	<Screen item="Party4_HP_1A_X">
		<RelativePosition>true</RelativePosition>
		<Location>
			<X>7</X>
			<Y>156</Y>
		</Location>
		<Size>
			<CX>20</CX>
			<CY>18</CY>
		</Size>
		<Style_Transparent>true</Style_Transparent>
		<Pieces>Party4_HP_1A</Pieces>
	</Screen>
	<Gauge item="Party4_HP_1B">
		<RelativePosition>true</RelativePosition>
		<Location>
			<X>27</X>
			<Y>156</Y>
		</Location>
		<Size>
			<CX>80</CX>
			<CY>18</CY>
		</Size>
		<GaugeOffsetX>-20</GaugeOffsetX>
		<GaugeOffsetY>0</GaugeOffsetY>
		<Text />
		<TextOffsetY>8000</TextOffsetY>
		<Style_VScroll>false</Style_VScroll>
		<Style_HScroll>false</Style_HScroll>
		<Style_Transparent>false</Style_Transparent>
		<FillTint>
			<R>240</R>
			<G>102</G>
			<B>0</B>
		</FillTint>
		<LinesFillTint>
			<R>0</R>
			<G>0</G>
			<B>0</B>
		</LinesFillTint>
		<DrawLinesFill>false</DrawLinesFill>
		<EQType>14</EQType>
		<GaugeDrawTemplate>
			<Fill>A_dzFill</Fill>
		</GaugeDrawTemplate>
	</Gauge>
	<Gauge item="Party4_HP_2A">
		<RelativePosition>true</RelativePosition>
		<Location>
			<X>0</X>
			<Y>0</Y>
		</Location>
		<Size>
			<CX>6000</CX>
			<CY>20</CY>
		</Size>
		<GaugeOffsetX>-4000</GaugeOffsetX>
		<GaugeOffsetY>0</GaugeOffsetY>
		<TextOffsetX>8000</TextOffsetX>
		<Style_VScroll>false</Style_VScroll>
		<Style_HScroll>false</Style_HScroll>
		<Style_Transparent>false</Style_Transparent>
		<FillTint>
			<R>240</R>
			<G>240</G>
			<B>0</B>
		</FillTint>
		<LinesFillTint>
			<R>0</R>
			<G>0</G>
			<B>0</B>
		</LinesFillTint>
		<DrawLinesFill>false</DrawLinesFill>
		<EQType>14</EQType>
		<GaugeDrawTemplate>
			<Fill>GW_GaugeFill2</Fill>
		</GaugeDrawTemplate>
	</Gauge>
	<Screen item="Party4_HP_2A_X">
		<RelativePosition>true</RelativePosition>
		<Location>
			<X>7</X>
			<Y>156</Y>
		</Location>
		<Size>
			<CX>40</CX>
			<CY>18</CY>
		</Size>
		<Style_Transparent>true</Style_Transparent>
		<Pieces>Party4_HP_2A</Pieces>
	</Screen>
	<Gauge item="Party4_HP_2B">
		<RelativePosition>true</RelativePosition>
		<Location>
			<X>47</X>
			<Y>156</Y>
		</Location>
		<Size>
			<CX>60</CX>
			<CY>18</CY>
		</Size>
		<GaugeOffsetX>-40</GaugeOffsetX>
		<GaugeOffsetY>0</GaugeOffsetY>
		<Text />
		<TextOffsetY>8000</TextOffsetY>
		<Style_VScroll>false</Style_VScroll>
		<Style_HScroll>false</Style_HScroll>
		<Style_Transparent>false</Style_Transparent>
		<FillTint>
			<R>240</R>
			<G>240</G>
			<B>0</B>
		</FillTint>
		<LinesFillTint>
			<R>0</R>
			<G>0</G>
			<B>0</B>
		</LinesFillTint>
		<DrawLinesFill>false</DrawLinesFill>
		<EQType>14</EQType>
		<GaugeDrawTemplate>
			<Fill>A_dzFill</Fill>
		</GaugeDrawTemplate>
	</Gauge>
	<Gauge item="Party4_HP_3A">
		<RelativePosition>true</RelativePosition>
		<Location>
			<X>0</X>
			<Y>0</Y>
		</Location>
		<Size>
			<CX>4000</CX>
			<CY>20</CY>
		</Size>
		<GaugeOffsetX>-6000</GaugeOffsetX>
		<GaugeOffsetY>0</GaugeOffsetY>
		<TextOffsetX>8000</TextOffsetX>
		<Style_VScroll>false</Style_VScroll>
		<Style_HScroll>false</Style_HScroll>
		<Style_Transparent>false</Style_Transparent>
		<FillTint>
			<R>173</R>
			<G>255</G>
			<B>47</B>
		</FillTint>
		<LinesFillTint>
			<R>0</R>
			<G>0</G>
			<B>0</B>
		</LinesFillTint>
		<DrawLinesFill>false</DrawLinesFill>
		<EQType>14</EQType>
		<GaugeDrawTemplate>
			<Fill>GW_GaugeFill3</Fill>
		</GaugeDrawTemplate>
	</Gauge>
	<Screen item="Party4_HP_3A_X">
		<RelativePosition>true</RelativePosition>
		<Location>
			<X>7</X>
			<Y>156</Y>
		</Location>
		<Size>
			<CX>60</CX>
			<CY>18</CY>
		</Size>
		<Style_Transparent>true</Style_Transparent>
		<Pieces>Party4_HP_3A</Pieces>
	</Screen>
	<Gauge item="Party4_HP_3B">
		<RelativePosition>true</RelativePosition>
		<Location>
			<X>67</X>
			<Y>156</Y>
		</Location>
		<Size>
			<CX>40</CX>
			<CY>18</CY>
		</Size>
		<GaugeOffsetX>-60</GaugeOffsetX>
		<GaugeOffsetY>0</GaugeOffsetY>
		<Text />
		<TextOffsetY>8000</TextOffsetY>
		<Style_VScroll>false</Style_VScroll>
		<Style_HScroll>false</Style_HScroll>
		<Style_Transparent>false</Style_Transparent>
		<FillTint>
			<R>173</R>
			<G>255</G>
			<B>47</B>
		</FillTint>
		<LinesFillTint>
			<R>0</R>
			<G>0</G>
			<B>0</B>
		</LinesFillTint>
		<DrawLinesFill>false</DrawLinesFill>
		<EQType>14</EQType>
		<GaugeDrawTemplate>
			<Fill>A_dzFill</Fill>
		</GaugeDrawTemplate>
	</Gauge>
	<Gauge item="Party4_HP_4A">
		<RelativePosition>true</RelativePosition>
		<Location>
			<X>0</X>
			<Y>0</Y>
		</Location>
		<Size>
			<CX>2000</CX>
			<CY>20</CY>
		</Size>
		<GaugeOffsetX>-8000</GaugeOffsetX>
		<GaugeOffsetY>0</GaugeOffsetY>
		<TextOffsetX>8000</TextOffsetX>
		<Style_VScroll>false</Style_VScroll>
		<Style_HScroll>false</Style_HScroll>
		<Style_Transparent>false</Style_Transparent>
		<FillTint>
			<R>0</R>
			<G>240</G>
			<B>0</B>
		</FillTint>
		<LinesFillTint>
			<R>0</R>
			<G>0</G>
			<B>0</B>
		</LinesFillTint>
		<DrawLinesFill>false</DrawLinesFill>
		<EQType>14</EQType>
		<GaugeDrawTemplate>
			<Fill>GW_GaugeFill4</Fill>
		</GaugeDrawTemplate>
	</Gauge>
	<Screen item="Party4_HP_4A_X">
		<RelativePosition>true</RelativePosition>
		<Location>
			<X>7</X>
			<Y>156</Y>
		</Location>
		<Size>
			<CX>80</CX>
			<CY>18</CY>
		</Size>
		<Style_Transparent>true</Style_Transparent>
		<Pieces>Party4_HP_4A</Pieces>
	</Screen>
	<Gauge item="Party4_HP_4B">
		<RelativePosition>true</RelativePosition>
		<Location>
			<X>87</X>
			<Y>156</Y>
		</Location>
		<Size>
			<CX>20</CX>
			<CY>18</CY>
		</Size>
		<GaugeOffsetX>-80</GaugeOffsetX>
		<GaugeOffsetY>0</GaugeOffsetY>
		<Text />
		<TextOffsetY>8000</TextOffsetY>
		<Style_VScroll>false</Style_VScroll>
		<Style_HScroll>false</Style_HScroll>
		<Style_Transparent>false</Style_Transparent>
		<FillTint>
			<R>0</R>
			<G>240</G>
			<B>0</B>
		</FillTint>
		<LinesFillTint>
			<R>0</R>
			<G>0</G>
			<B>0</B>
		</LinesFillTint>
		<DrawLinesFill>false</DrawLinesFill>
		<EQType>14</EQType>
		<GaugeDrawTemplate>
			<Fill>A_dzFill</Fill>
		</GaugeDrawTemplate>
	</Gauge>
	<Gauge item="GW_PetGauge4">
		<ScreenID>PetGauge4</ScreenID>
		<RelativePosition>true</RelativePosition>
		<Location>
			<X>7</X>
			<Y>169</Y>
		</Location>
		<Size>
			<CX>100</CX>
			<CY>5</CY>
		</Size>
		<Font>3</Font>
		<TextColor>
			<R>255</R>
			<G>255</G>
			<B>255</B>
		</TextColor>
		<TextOffsetX>420</TextOffsetX>
		<TextOffsetY>0</TextOffsetY>
		<GaugeOffsetX>0</GaugeOffsetX>
		<GaugeOffsetY>0</GaugeOffsetY>
		<Style_VScroll>false</Style_VScroll>
		<Style_HScroll>false</Style_HScroll>
		<Style_Transparent>false</Style_Transparent>
		<!--<TooltipReference/>-->
		<FillTint>
			<R>222</R>
			<G>73</G>
			<B>242</B>
			<Alpha>255</Alpha>
		</FillTint>
		<LinesFillTint>
			<R>220</R>
			<G>220</G>
			<B>0</B>
		</LinesFillTint>
		<DrawLinesFill>false</DrawLinesFill>
		<EQType>20</EQType>
		<GaugeDrawTemplate>
			<Background>A_dzThinBackground</Background>
			<Fill>A_dzThinFill</Fill>
			<!--<Lines>A_GaugeLines</Lines>-->
			<!--<LinesFill>A_GaugeLinesFill</LinesFill>-->
			<!--<EndCapLeft>A_GaugeEndCapLeft</EndCapLeft>-->
			<!--<EndCapRight>A_GaugeEndCapRight</EndCapRight>-->
		</GaugeDrawTemplate>
	</Gauge>
	<!-- Party5 -->
	<StaticAnimation item="GW_LineDivider5">
		<ScreenID>GW_LineDivider5</ScreenID>
		<Location>
			<X>7</X>
			<Y>176</Y>
		</Location>
		<Size>
			<CX>126</CX>
			<CY>1</CY>
		</Size>
		<Animation>GW_LineDivider</Animation>
	</StaticAnimation>
	<Gauge item="Party5_HP_BG">
		<ScreenID>Gauge1</ScreenID>
		<RelativePosition>true</RelativePosition>
		<Location>
			<X>7</X>
			<Y>176</Y>
		</Location>
		<Size>
			<CX>100</CX>
			<CY>35</CY>
		</Size>
		<!-- Name Plate Text -->
		<TextOffsetX>22</TextOffsetX>
		<TextOffsetY>1</TextOffsetY>
		<Font>4</Font>
		<TextColor>
			<R>255</R>
			<G>255</G>
			<B>255</B>
		</TextColor>
		<!-- HP Gauge Background -->  
		<GaugeOffsetX>0</GaugeOffsetX>
		<GaugeOffsetY>18</GaugeOffsetY>
		<Style_VScroll>false</Style_VScroll>
		<Style_HScroll>false</Style_HScroll>
		<Style_Transparent>false</Style_Transparent>
		<FillTint>
			<R>240</R>
			<G>0</G>
			<B>0</B>
		</FillTint>
		<LinesFillTint>
			<R>255</R>
			<G>153</G>
			<B>204</B>
		</LinesFillTint>
		<DrawLinesFill>false</DrawLinesFill>
		<EQType>15</EQType>
		<GaugeDrawTemplate>
			<Background>A_dzBackground</Background>
		</GaugeDrawTemplate>
	</Gauge>
	<Gauge item="Party5_HP_0">
		<RelativePosition>true</RelativePosition>
		<Location>
			<X>7</X>
			<Y>194</Y>
		</Location>
		<Size>
			<CX>100</CX>
			<CY>18</CY>
		</Size>
		<GaugeOffsetX>0</GaugeOffsetX>
		<GaugeOffsetY>0</GaugeOffsetY>
		<Text />
		<TextOffsetX>8000</TextOffsetX>
		<Style_VScroll>false</Style_VScroll>
		<Style_HScroll>false</Style_HScroll>
		<Style_Transparent>false</Style_Transparent>
		<FillTint>
			<R>240</R>
			<G>0</G>
			<B>0</B>
		</FillTint>
		<LinesFillTint>
			<R>0</R>
			<G>0</G>
			<B>0</B>
		</LinesFillTint>
		<DrawLinesFill>false</DrawLinesFill>
		<EQType>15</EQType>
		<GaugeDrawTemplate>
			<Fill>A_dzFill</Fill>
		</GaugeDrawTemplate>
	</Gauge>
	<Gauge item="Party5_HP_1A">
		<RelativePosition>true</RelativePosition>
		<Location>
			<X>0</X>
			<Y>0</Y>
		</Location>
		<Size>
			<CX>8000</CX>
			<CY>20</CY>
		</Size>
		<GaugeOffsetX>-2000</GaugeOffsetX>
		<GaugeOffsetY>0</GaugeOffsetY>
		<TextOffsetX>8000</TextOffsetX>
		<Style_VScroll>false</Style_VScroll>
		<Style_HScroll>false</Style_HScroll>
		<Style_Transparent>false</Style_Transparent>
		<FillTint>
			<R>240</R>
			<G>102</G>
			<B>0</B>
		</FillTint>
		<LinesFillTint>
			<R>0</R>
			<G>0</G>
			<B>0</B>
		</LinesFillTint>
		<DrawLinesFill>false</DrawLinesFill>
		<EQType>15</EQType>
		<GaugeDrawTemplate>
			<Fill>GW_GaugeFill1</Fill>
		</GaugeDrawTemplate>
	</Gauge>
	<Screen item="Party5_HP_1A_X">
		<RelativePosition>true</RelativePosition>
		<Location>
			<X>7</X>
			<Y>194</Y>
		</Location>
		<Size>
			<CX>20</CX>
			<CY>18</CY>
		</Size>
		<Style_Transparent>true</Style_Transparent>
		<Pieces>Party5_HP_1A</Pieces>
	</Screen>
	<Gauge item="Party5_HP_1B">
		<RelativePosition>true</RelativePosition>
		<Location>
			<X>27</X>
			<Y>194</Y>
		</Location>
		<Size>
			<CX>80</CX>
			<CY>18</CY>
		</Size>
		<GaugeOffsetX>-20</GaugeOffsetX>
		<GaugeOffsetY>0</GaugeOffsetY>
		<Text />
		<TextOffsetY>8000</TextOffsetY>
		<Style_VScroll>false</Style_VScroll>
		<Style_HScroll>false</Style_HScroll>
		<Style_Transparent>false</Style_Transparent>
		<FillTint>
			<R>240</R>
			<G>102</G>
			<B>0</B>
		</FillTint>
		<LinesFillTint>
			<R>0</R>
			<G>0</G>
			<B>0</B>
		</LinesFillTint>
		<DrawLinesFill>false</DrawLinesFill>
		<EQType>15</EQType>
		<GaugeDrawTemplate>
			<Fill>A_dzFill</Fill>
		</GaugeDrawTemplate>
	</Gauge>
	<Gauge item="Party5_HP_2A">
		<RelativePosition>true</RelativePosition>
		<Location>
			<X>0</X>
			<Y>0</Y>
		</Location>
		<Size>
			<CX>6000</CX>
			<CY>20</CY>
		</Size>
		<GaugeOffsetX>-4000</GaugeOffsetX>
		<GaugeOffsetY>0</GaugeOffsetY>
		<TextOffsetX>8000</TextOffsetX>
		<Style_VScroll>false</Style_VScroll>
		<Style_HScroll>false</Style_HScroll>
		<Style_Transparent>false</Style_Transparent>
		<FillTint>
			<R>240</R>
			<G>240</G>
			<B>0</B>
		</FillTint>
		<LinesFillTint>
			<R>0</R>
			<G>0</G>
			<B>0</B>
		</LinesFillTint>
		<DrawLinesFill>false</DrawLinesFill>
		<EQType>15</EQType>
		<GaugeDrawTemplate>
			<Fill>GW_GaugeFill2</Fill>
		</GaugeDrawTemplate>
	</Gauge>
	<Screen item="Party5_HP_2A_X">
		<RelativePosition>true</RelativePosition>
		<Location>
			<X>7</X>
			<Y>194</Y>
		</Location>
		<Size>
			<CX>40</CX>
			<CY>18</CY>
		</Size>
		<Style_Transparent>true</Style_Transparent>
		<Pieces>Party5_HP_2A</Pieces>
	</Screen>
	<Gauge item="Party5_HP_2B">
		<RelativePosition>true</RelativePosition>
		<Location>
			<X>47</X>
			<Y>194</Y>
		</Location>
		<Size>
			<CX>60</CX>
			<CY>18</CY>
		</Size>
		<GaugeOffsetX>-40</GaugeOffsetX>
		<GaugeOffsetY>0</GaugeOffsetY>
		<Text />
		<TextOffsetY>8000</TextOffsetY>
		<Style_VScroll>false</Style_VScroll>
		<Style_HScroll>false</Style_HScroll>
		<Style_Transparent>false</Style_Transparent>
		<FillTint>
			<R>240</R>
			<G>240</G>
			<B>0</B>
		</FillTint>
		<LinesFillTint>
			<R>0</R>
			<G>0</G>
			<B>0</B>
		</LinesFillTint>
		<DrawLinesFill>false</DrawLinesFill>
		<EQType>15</EQType>
		<GaugeDrawTemplate>
			<Fill>A_dzFill</Fill>
		</GaugeDrawTemplate>
	</Gauge>
	<Gauge item="Party5_HP_3A">
		<RelativePosition>true</RelativePosition>
		<Location>
			<X>0</X>
			<Y>0</Y>
		</Location>
		<Size>
			<CX>4000</CX>
			<CY>20</CY>
		</Size>
		<GaugeOffsetX>-6000</GaugeOffsetX>
		<GaugeOffsetY>0</GaugeOffsetY>
		<TextOffsetX>8000</TextOffsetX>
		<Style_VScroll>false</Style_VScroll>
		<Style_HScroll>false</Style_HScroll>
		<Style_Transparent>false</Style_Transparent>
		<FillTint>
			<R>173</R>
			<G>255</G>
			<B>47</B>
		</FillTint>
		<LinesFillTint>
			<R>0</R>
			<G>0</G>
			<B>0</B>
		</LinesFillTint>
		<DrawLinesFill>false</DrawLinesFill>
		<EQType>15</EQType>
		<GaugeDrawTemplate>
			<Fill>GW_GaugeFill3</Fill>
		</GaugeDrawTemplate>
	</Gauge>
	<Screen item="Party5_HP_3A_X">
		<RelativePosition>true</RelativePosition>
		<Location>
			<X>7</X>
			<Y>194</Y>
		</Location>
		<Size>
			<CX>60</CX>
			<CY>18</CY>
		</Size>
		<Style_Transparent>true</Style_Transparent>
		<Pieces>Party5_HP_3A</Pieces>
	</Screen>
	<Gauge item="Party5_HP_3B">
		<RelativePosition>true</RelativePosition>
		<Location>
			<X>67</X>
			<Y>194</Y>
		</Location>
		<Size>
			<CX>40</CX>
			<CY>18</CY>
		</Size>
		<GaugeOffsetX>-60</GaugeOffsetX>
		<GaugeOffsetY>0</GaugeOffsetY>
		<Text />
		<TextOffsetY>8000</TextOffsetY>
		<Style_VScroll>false</Style_VScroll>
		<Style_HScroll>false</Style_HScroll>
		<Style_Transparent>false</Style_Transparent>
		<FillTint>
			<R>173</R>
			<G>255</G>
			<B>47</B>
		</FillTint>
		<LinesFillTint>
			<R>0</R>
			<G>0</G>
			<B>0</B>
		</LinesFillTint>
		<DrawLinesFill>false</DrawLinesFill>
		<EQType>15</EQType>
		<GaugeDrawTemplate>
			<Fill>A_dzFill</Fill>
		</GaugeDrawTemplate>
	</Gauge>
	<Gauge item="Party5_HP_4A">
		<RelativePosition>true</RelativePosition>
		<Location>
			<X>0</X>
			<Y>0</Y>
		</Location>
		<Size>
			<CX>2000</CX>
			<CY>20</CY>
		</Size>
		<GaugeOffsetX>-8000</GaugeOffsetX>
		<GaugeOffsetY>0</GaugeOffsetY>
		<TextOffsetX>8000</TextOffsetX>
		<Style_VScroll>false</Style_VScroll>
		<Style_HScroll>false</Style_HScroll>
		<Style_Transparent>false</Style_Transparent>
		<FillTint>
			<R>0</R>
			<G>240</G>
			<B>0</B>
		</FillTint>
		<LinesFillTint>
			<R>0</R>
			<G>0</G>
			<B>0</B>
		</LinesFillTint>
		<DrawLinesFill>false</DrawLinesFill>
		<EQType>15</EQType>
		<GaugeDrawTemplate>
			<Fill>GW_GaugeFill4</Fill>
		</GaugeDrawTemplate>
	</Gauge>
	<Screen item="Party5_HP_4A_X">
		<RelativePosition>true</RelativePosition>
		<Location>
			<X>7</X>
			<Y>194</Y>
		</Location>
		<Size>
			<CX>80</CX>
			<CY>18</CY>
		</Size>
		<Style_Transparent>true</Style_Transparent>
		<Pieces>Party5_HP_4A</Pieces>
	</Screen>
	<Gauge item="Party5_HP_4B">
		<RelativePosition>true</RelativePosition>
		<Location>
			<X>87</X>
			<Y>194</Y>
		</Location>
		<Size>
			<CX>20</CX>
			<CY>18</CY>
		</Size>
		<GaugeOffsetX>-80</GaugeOffsetX>
		<GaugeOffsetY>0</GaugeOffsetY>
		<Text />
		<TextOffsetY>8000</TextOffsetY>
		<Style_VScroll>false</Style_VScroll>
		<Style_HScroll>false</Style_HScroll>
		<Style_Transparent>false</Style_Transparent>
		<FillTint>
			<R>0</R>
			<G>240</G>
			<B>0</B>
		</FillTint>
		<LinesFillTint>
			<R>0</R>
			<G>0</G>
			<B>0</B>
		</LinesFillTint>
		<DrawLinesFill>false</DrawLinesFill>
		<EQType>15</EQType>
		<GaugeDrawTemplate>
			<Fill>A_dzFill</Fill>
		</GaugeDrawTemplate>
	</Gauge>
	<Gauge item="GW_PetGauge5">
		<ScreenID>PetGauge5</ScreenID>
		<RelativePosition>true</RelativePosition>
		<Location>
			<X>7</X>
			<Y>207</Y>
		</Location>
		<Size>
			<CX>100</CX>
			<CY>5</CY>
		</Size>
		<Font>3</Font>
		<TextColor>
			<R>255</R>
			<G>255</G>
			<B>255</B>
		</TextColor>
		<TextOffsetX>420</TextOffsetX>
		<TextOffsetY>0</TextOffsetY>
		<GaugeOffsetX>0</GaugeOffsetX>
		<GaugeOffsetY>0</GaugeOffsetY>
		<Style_VScroll>false</Style_VScroll>
		<Style_HScroll>false</Style_HScroll>
		<Style_Transparent>false</Style_Transparent>
		<!--<TooltipReference/>-->
		<FillTint>
			<R>222</R>
			<G>73</G>
			<B>242</B>
			<Alpha>255</Alpha>
		</FillTint>
		<LinesFillTint>
			<R>220</R>
			<G>220</G>
			<B>0</B>
		</LinesFillTint>
		<DrawLinesFill>false</DrawLinesFill>
		<EQType>21</EQType>
		<GaugeDrawTemplate>
			<Background>A_dzThinBackground</Background>
			<Fill>A_dzThinFill</Fill>
			<!--<Lines>A_GaugeLines</Lines>-->
			<!--<LinesFill>A_GaugeLinesFill</LinesFill>-->
			<!--<EndCapLeft>A_GaugeEndCapLeft</EndCapLeft>-->
			<!--<EndCapRight>A_GaugeEndCapRight</EndCapRight>-->
		</GaugeDrawTemplate>
	</Gauge>
	<!-- Party Labels -->
	<Label item="GW_F2">
		<Font>2</Font>
		<RelativePosition>true</RelativePosition>
		<Location>
			<X>7</X>
			<Y>26</Y>
		</Location>
		<Size>
			<CX>20</CX>
			<CY>16</CY>
		</Size>
		<Text>F2</Text>
		<TextColor>
			<R>255</R>
			<G>255</G>
			<B>255</B>
		</TextColor>
		<NoWrap>true</NoWrap>
		<AlignCenter>true</AlignCenter>
		<AlignRight>false</AlignRight>
		<AlignLeft>false</AlignLeft>
		<Style_Tooltip>false</Style_Tooltip>	
	</Label>
	<Label item="GW_F2BG">
		<Font>2</Font>
		<RelativePosition>true</RelativePosition>
		<Location>
			<X>8</X>
			<Y>27</Y>
		</Location>
		<Size>
			<CX>20</CX>
			<CY>16</CY>
		</Size>
		<Text>F2</Text>
		<TextColor>
			<R>0</R>
			<G>0</G>
			<B>0</B>
		</TextColor>
		<NoWrap>true</NoWrap>
		<AlignCenter>true</AlignCenter>
		<AlignRight>false</AlignRight>
		<AlignLeft>false</AlignLeft>
		<Style_Tooltip>false</Style_Tooltip>	
	</Label>
	<Label item="GW_F3">
		<Font>2</Font>
		<RelativePosition>true</RelativePosition>
		<Location>
			<X>7</X>
			<Y>64</Y>
		</Location>
		<Size>
			<CX>20</CX>
			<CY>16</CY>
		</Size>
		<Text>F3</Text>
		<TextColor>
			<R>255</R>
			<G>255</G>
			<B>255</B>
		</TextColor>
		<NoWrap>true</NoWrap>
		<AlignCenter>true</AlignCenter>
		<AlignRight>false</AlignRight>
		<AlignLeft>false</AlignLeft>
		<Style_Tooltip>false</Style_Tooltip>	
	</Label>
	<Label item="GW_F3BG">
		<Font>2</Font>
		<RelativePosition>true</RelativePosition>
		<Location>
			<X>8</X>
			<Y>65</Y>
		</Location>
		<Size>
			<CX>20</CX>
			<CY>16</CY>
		</Size>
		<Text>F3</Text>
		<TextColor>
			<R>0</R>
			<G>0</G>
			<B>0</B>
		</TextColor>
		<NoWrap>true</NoWrap>
		<AlignCenter>true</AlignCenter>
		<AlignRight>false</AlignRight>
		<AlignLeft>false</AlignLeft>
		<Style_Tooltip>false</Style_Tooltip>	
	</Label>
	<Label item="GW_F4">
		<Font>2</Font>
		<RelativePosition>true</RelativePosition>
		<Location>
			<X>7</X>
			<Y>102</Y>
		</Location>
		<Size>
			<CX>20</CX>
			<CY>16</CY>
		</Size>
		<Text>F4</Text>
		<TextColor>
			<R>255</R>
			<G>255</G>
			<B>255</B>
		</TextColor>
		<NoWrap>true</NoWrap>
		<AlignCenter>true</AlignCenter>
		<AlignRight>false</AlignRight>
		<AlignLeft>false</AlignLeft>
		<Style_Tooltip>false</Style_Tooltip>	
	</Label>
	<Label item="GW_F4BG">
		<Font>2</Font>
		<RelativePosition>true</RelativePosition>
		<Location>
			<X>8</X>
			<Y>103</Y>
		</Location>
		<Size>
			<CX>20</CX>
			<CY>16</CY>
		</Size>
		<Text>F4</Text>
		<TextColor>
			<R>0</R>
			<G>0</G>
			<B>0</B>
		</TextColor>
		<NoWrap>true</NoWrap>
		<AlignCenter>true</AlignCenter>
		<AlignRight>false</AlignRight>
		<AlignLeft>false</AlignLeft>
		<Style_Tooltip>false</Style_Tooltip>	
	</Label>
	<Label item="GW_F5">
		<Font>2</Font>
		<RelativePosition>true</RelativePosition>
		<Location>
			<X>7</X>
			<Y>140</Y>
		</Location>
		<Size>
			<CX>20</CX>
			<CY>16</CY>
		</Size>
		<Text>F5</Text>
		<TextColor>
			<R>255</R>
			<G>255</G>
			<B>255</B>
		</TextColor>
		<NoWrap>true</NoWrap>
		<AlignCenter>true</AlignCenter>
		<AlignRight>false</AlignRight>
		<AlignLeft>false</AlignLeft>
		<Style_Tooltip>false</Style_Tooltip>	
	</Label>
	<Label item="GW_F5BG">
		<Font>2</Font>
		<RelativePosition>true</RelativePosition>
		<Location>
			<X>8</X>
			<Y>141</Y>
		</Location>
		<Size>
			<CX>20</CX>
			<CY>16</CY>
		</Size>
		<Text>F5</Text>
		<TextColor>
			<R>0</R>
			<G>0</G>
			<B>0</B>
		</TextColor>
		<NoWrap>true</NoWrap>
		<AlignCenter>true</AlignCenter>
		<AlignRight>false</AlignRight>
		<AlignLeft>false</AlignLeft>
		<Style_Tooltip>false</Style_Tooltip>	
	</Label>
	<Label item="GW_F6">
		<Font>2</Font>
		<RelativePosition>true</RelativePosition>
		<Location>
			<X>7</X>
			<Y>178</Y>
		</Location>
		<Size>
			<CX>20</CX>
			<CY>16</CY>
		</Size>
		<Text>F6</Text>
		<TextColor>
			<R>255</R>
			<G>255</G>
			<B>255</B>
		</TextColor>
		<NoWrap>true</NoWrap>
		<AlignCenter>true</AlignCenter>
		<AlignRight>false</AlignRight>
		<AlignLeft>false</AlignLeft>
		<Style_Tooltip>false</Style_Tooltip>	
	</Label>
	<Label item="GW_F6BG">
		<Font>2</Font>
		<RelativePosition>true</RelativePosition>
		<Location>
			<X>8</X>
			<Y>179</Y>
		</Location>
		<Size>
			<CX>20</CX>
			<CY>16</CY>
		</Size>
		<Text>F6</Text>
		<TextColor>
			<R>0</R>
			<G>0</G>
			<B>0</B>
		</TextColor>
		<NoWrap>true</NoWrap>
		<AlignCenter>true</AlignCenter>
		<AlignRight>false</AlignRight>
		<AlignLeft>false</AlignLeft>
		<Style_Tooltip>false</Style_Tooltip>	
	</Label>
	<Label item="GW_HPLabel1">
		<ScreenID>HPLabel1</ScreenID>
		<Font>3</Font>
		<EQType>35</EQType>
		<RelativePosition>true</RelativePosition>
		<Location>
			<X>110</X>
			<Y>43</Y>
		</Location>
		<Size>
			<CX>22</CX>
			<CY>16</CY>
		</Size>
		<Text>100</Text>
		<TextColor>
			<R>255</R>
			<G>255</G>
			<B>255</B>
		</TextColor>
		<NoWrap>true</NoWrap>
		<AlignCenter>true</AlignCenter>
		<AlignRight>false</AlignRight>
		<AlignLeft>false</AlignLeft>
	</Label>
	<Label item="GW_HPLabel1BG">
		<ScreenID>HPLabel1BG</ScreenID>
		<Font>3</Font>
		<EQType>35</EQType>
		<RelativePosition>true</RelativePosition>
		<Location>
			<X>111</X>
			<Y>44</Y>
		</Location>
		<Size>
			<CX>22</CX>
			<CY>16</CY>
		</Size>
		<Text>100</Text>
		<TextColor>
			<R>0</R>
			<G>0</G>
			<B>0</B>
		</TextColor>
		<NoWrap>true</NoWrap>
		<AlignCenter>true</AlignCenter>
		<AlignRight>false</AlignRight>
		<AlignLeft>false</AlignLeft>
	</Label>
	<Label item="GW_HPLabel2">
		<ScreenID>HPLabel2</ScreenID>
		<Font>3</Font>
		<EQType>36</EQType>
		<RelativePosition>true</RelativePosition>
		<Location>
			<X>110</X>
			<Y>81</Y>
		</Location>
		<Size>
			<CX>22</CX>
			<CY>16</CY>
		</Size>
		<Text>100</Text>
		<TextColor>
			<R>255</R>
			<G>255</G>
			<B>255</B>
		</TextColor>
		<NoWrap>true</NoWrap>
		<AlignCenter>true</AlignCenter>
		<AlignRight>false</AlignRight>
		<AlignLeft>false</AlignLeft>
	</Label>
	<Label item="GW_HPLabel2BG">
		<ScreenID>HPLabel2BG</ScreenID>
		<Font>3</Font>
		<EQType>36</EQType>
		<RelativePosition>true</RelativePosition>
		<Location>
			<X>111</X>
			<Y>82</Y>
		</Location>
		<Size>
			<CX>22</CX>
			<CY>16</CY>
		</Size>
		<Text>100</Text>
		<TextColor>
			<R>0</R>
			<G>0</G>
			<B>0</B>
		</TextColor>
		<NoWrap>true</NoWrap>
		<AlignCenter>true</AlignCenter>
		<AlignRight>false</AlignRight>
		<AlignLeft>false</AlignLeft>
	</Label>
	<Label item="GW_HPLabel3">
		<ScreenID>HPLabel3</ScreenID>
		<Font>3</Font>
		<EQType>37</EQType>
		<RelativePosition>true</RelativePosition>
		<Location>
			<X>110</X>
			<Y>119</Y>
		</Location>
		<Size>
			<CX>22</CX>
			<CY>16</CY>
		</Size>
		<Text>100</Text>
		<TextColor>
			<R>255</R>
			<G>255</G>
			<B>255</B>
		</TextColor>
		<NoWrap>true</NoWrap>
		<AlignCenter>true</AlignCenter>
		<AlignRight>false</AlignRight>
		<AlignLeft>false</AlignLeft>
	</Label>
	<Label item="GW_HPLabel3BG">
		<ScreenID>HPLabel3BG</ScreenID>
		<Font>3</Font>
		<EQType>37</EQType>
		<RelativePosition>true</RelativePosition>
		<Location>
			<X>111</X>
			<Y>120</Y>
		</Location>
		<Size>
			<CX>22</CX>
			<CY>16</CY>
		</Size>
		<Text>100</Text>
		<TextColor>
			<R>0</R>
			<G>0</G>
			<B>0</B>
		</TextColor>
		<NoWrap>true</NoWrap>
		<AlignCenter>true</AlignCenter>
		<AlignRight>false</AlignRight>
		<AlignLeft>false</AlignLeft>
	</Label>
	<Label item="GW_HPLabel4">
		<ScreenID>HPLabel4</ScreenID>
		<Font>3</Font>
		<EQType>38</EQType>
		<RelativePosition>true</RelativePosition>
		<Location>
			<X>110</X>
			<Y>157</Y>
		</Location>
		<Size>
			<CX>22</CX>
			<CY>16</CY>
		</Size>
		<Text>100</Text>
		<TextColor>
			<R>255</R>
			<G>255</G>
			<B>255</B>
		</TextColor>
		<NoWrap>true</NoWrap>
		<AlignCenter>true</AlignCenter>
		<AlignRight>false</AlignRight>
		<AlignLeft>false</AlignLeft>
	</Label>
	<Label item="GW_HPLabel4BG">
		<ScreenID>HPLabel4BG</ScreenID>
		<Font>3</Font>
		<EQType>38</EQType>
		<RelativePosition>true</RelativePosition>
		<Location>
			<X>111</X>
			<Y>158</Y>
		</Location>
		<Size>
			<CX>22</CX>
			<CY>16</CY>
		</Size>
		<Text>100</Text>
		<TextColor>
			<R>0</R>
			<G>0</G>
			<B>0</B>
		</TextColor>
		<NoWrap>true</NoWrap>
		<AlignCenter>true</AlignCenter>
		<AlignRight>false</AlignRight>
		<AlignLeft>false</AlignLeft>
	</Label>
	<Label item="GW_HPLabel5">
		<ScreenID>HPLabel5</ScreenID>
		<Font>3</Font>
		<EQType>39</EQType>
		<RelativePosition>true</RelativePosition>
		<Location>
			<X>110</X>
			<Y>195</Y>
		</Location>
		<Size>
			<CX>22</CX>
			<CY>16</CY>
		</Size>
		<Text>100</Text>
		<TextColor>
			<R>255</R>
			<G>255</G>
			<B>255</B>
		</TextColor>
		<NoWrap>true</NoWrap>
		<AlignCenter>true</AlignCenter>
		<AlignRight>false</AlignRight>
		<AlignLeft>false</AlignLeft>
	</Label>
	<Label item="GW_HPLabel5BG">
		<ScreenID>HPLabel5BG</ScreenID>
		<Font>3</Font>
		<EQType>39</EQType>
		<RelativePosition>true</RelativePosition>
		<Location>
			<X>111</X>
			<Y>196</Y>
		</Location>
		<Size>
			<CX>22</CX>
			<CY>16</CY>
		</Size>
		<Text>100</Text>
		<TextColor>
			<R>0</R>
			<G>0</G>
			<B>0</B>
		</TextColor>
		<NoWrap>true</NoWrap>
		<AlignCenter>true</AlignCenter>
		<AlignRight>false</AlignRight>
		<AlignLeft>false</AlignLeft>
	</Label>
	<!-- Group Window Buttons -->
	<Button item="GW_InviteButton">
		<ScreenID>InviteButton</ScreenID>
		<Font>3</Font>
		<RelativePosition>true</RelativePosition>
		<Location>
			<X>7</X>
			<Y>5</Y>
		</Location>
		<Size>
			<CX>62</CX>
			<CY>16</CY>
		</Size>
		<Style_VScroll>false</Style_VScroll>
		<Style_HScroll>false</Style_HScroll>
		<Style_Transparent>false</Style_Transparent>
		<Style_Checkbox>false</Style_Checkbox>
		<!--<RadioGroup/>-->
		<Text>Invite</Text>
		<TextColor>
			<R>240</R>
			<G>240</G>
			<B>240</B>
		</TextColor>
		<ButtonDrawTemplate>
			<Normal>A_BtnNormal</Normal>
			<PressedFlyby>A_BtnPressedFlyby</PressedFlyby>
			<Pressed>A_BtnPressed</Pressed>
			<Flyby>A_BtnFlyby</Flyby>
			<Disabled>A_BtnDisabled</Disabled>
		</ButtonDrawTemplate>
	</Button>
	<Button item="GW_DisbandButton">
		<ScreenID>DisbandButton</ScreenID>
		<Font>3</Font>
		<RelativePosition>true</RelativePosition>
		<Location>
			<X>71</X>
			<Y>5</Y>
		</Location>
		<Size>
			<CX>62</CX>
			<CY>16</CY>
		</Size>
		<Style_VScroll>false</Style_VScroll>
		<Style_HScroll>false</Style_HScroll>
		<Style_Transparent>false</Style_Transparent>
		<Style_Checkbox>false</Style_Checkbox>
		<!--<RadioGroup/>-->
		<Text>Disband</Text>
		<TextColor>
			<R>240</R>
			<G>240</G>
			<B>240</B>
		</TextColor>
		<ButtonDrawTemplate>
			<Normal>A_BtnNormal</Normal>
			<PressedFlyby>A_BtnPressedFlyby</PressedFlyby>
			<Pressed>A_BtnPressed</Pressed>
			<Flyby>A_BtnFlyby</Flyby>
			<Disabled>A_BtnDisabled</Disabled>
		</ButtonDrawTemplate>
	</Button>
	<Button item="GW_FollowButton">
		<ScreenID>FollowButton</ScreenID>
		<Font>3</Font>
		<RelativePosition>true</RelativePosition>
		<Location>
			<X>7</X>
			<Y>5</Y>
		</Location>
		<Size>
			<CX>62</CX>
			<CY>16</CY>
		</Size>
		<Style_VScroll>false</Style_VScroll>
		<Style_HScroll>false</Style_HScroll>
		<Style_Transparent>false</Style_Transparent>
		<Style_Checkbox>false</Style_Checkbox>
		<!--<RadioGroup/>-->
		<Text>Follow</Text>
		<TextColor>
			<R>240</R>
			<G>240</G>
			<B>240</B>
		</TextColor>
		<ButtonDrawTemplate>
			<Normal>A_BtnNormal</Normal>
			<PressedFlyby>A_BtnPressedFlyby</PressedFlyby>
			<Pressed>A_BtnPressed</Pressed>
			<Flyby>A_BtnFlyby</Flyby>
			<Disabled>A_BtnDisabled</Disabled>
		</ButtonDrawTemplate>
	</Button>
	<Button item="GW_DeclineButton">
		<ScreenID>DeclineButton</ScreenID>
		<Font>3</Font>
		<RelativePosition>true</RelativePosition>
		<Location>
			<X>71</X>
			<Y>5</Y>
		</Location>
		<Size>
			<CX>62</CX>
			<CY>16</CY>
		</Size>
		<Style_VScroll>false</Style_VScroll>
		<Style_HScroll>false</Style_HScroll>
		<Style_Transparent>false</Style_Transparent>
		<Style_Checkbox>false</Style_Checkbox>
		<!--<RadioGroup/>-->
		<Text>Decline</Text>
		<TextColor>
			<R>240</R>
			<G>240</G>
			<B>240</B>
		</TextColor>
		<ButtonDrawTemplate>
			<Normal>A_BtnNormal</Normal>
			<PressedFlyby>A_BtnPressedFlyby</PressedFlyby>
			<Pressed>A_BtnPressed</Pressed>
			<Flyby>A_BtnFlyby</Flyby>
			<Disabled>A_BtnDisabled</Disabled>
		</ButtonDrawTemplate>
	</Button>
	<Button item="GW_LFGButton">
		<ScreenID>LFGButton</ScreenID>
		<RelativePosition>true</RelativePosition>
		<Location>
			<X>71</X>
			<Y>24</Y>
		</Location>
		<Size>
			<CX>62</CX>
			<CY>16</CY>
		</Size>
		<Style_Checkbox>false</Style_Checkbox>
		<TooltipReference>Open LFG Window</TooltipReference>
		<Text>LFG</Text>
		<TextColor>
			<R>240</R>
			<G>240</G>
			<B>240</B>
		</TextColor>
		<ButtonDrawTemplate>
			<Normal>A_BtnNormal</Normal>
			<PressedFlyby>A_BtnPressedFlyby</PressedFlyby>
			<Pressed>A_BtnPressed</Pressed>
			<Flyby>A_BtnFlyby</Flyby>
			<Disabled>A_BtnDisabled</Disabled>
		</ButtonDrawTemplate>
	</Button>
	<!--******************************************-->
	<Screen item="GroupWindow">
		<ScreenID />
		<RelativePosition>false</RelativePosition>
		<Location>
			<X>140</X>
			<Y>100</Y>
		</Location>
		<Size>
			<CX>140</CX>
			<CY>220</CY>
		</Size>
		<Text>Group</Text>
		<Style_VScroll>false</Style_VScroll>
		<Style_HScroll>false</Style_HScroll>
		<Style_Transparent>false</Style_Transparent>
		<TooltipReference>This is the party window.</TooltipReference>
		<DrawTemplate>WDT_RoundedNoTitle</DrawTemplate>
		<Style_Titlebar>false</Style_Titlebar>
		<Style_Closebox>false</Style_Closebox>
		<Style_Minimizebox>false</Style_Minimizebox>
		<Style_Border>false</Style_Border>
		<Style_Sizable>false</Style_Sizable>
		<!-- Phorm Background -->	
		<Pieces>phorm_GroupWindow</Pieces>
		<!-- Party 1 Gauge -->
		<Pieces>GW_LineDivider1</Pieces>
		<Pieces>Party1_HP_BG</Pieces>
		<Pieces>Party1_HP_0</Pieces>
		<Pieces>Party1_HP_1A_X</Pieces>
		<Pieces>Party1_HP_1B</Pieces>
		<Pieces>Party1_HP_2A_X</Pieces>
		<Pieces>Party1_HP_2B</Pieces>
		<Pieces>Party1_HP_3A_X</Pieces>
		<Pieces>Party1_HP_3B</Pieces>
		<Pieces>Party1_HP_4A_X</Pieces>
		<Pieces>Party1_HP_4B</Pieces>
		<Pieces>GW_PetGauge1</Pieces>
		<!-- Party 2 Gauge -->
		<Pieces>GW_LineDivider2</Pieces>
		<Pieces>Party2_HP_BG</Pieces>
		<Pieces>Party2_HP_0</Pieces>
		<Pieces>Party2_HP_1A_X</Pieces>
		<Pieces>Party2_HP_1B</Pieces>
		<Pieces>Party2_HP_2A_X</Pieces>
		<Pieces>Party2_HP_2B</Pieces>
		<Pieces>Party2_HP_3A_X</Pieces>
		<Pieces>Party2_HP_3B</Pieces>
		<Pieces>Party2_HP_4A_X</Pieces>
		<Pieces>Party2_HP_4B</Pieces>
		<Pieces>GW_PetGauge2</Pieces>
		<!-- Party 3 Gauge -->
		<Pieces>GW_LineDivider3</Pieces>
		<Pieces>Party3_HP_BG</Pieces>
		<Pieces>Party3_HP_0</Pieces>
		<Pieces>Party3_HP_1A_X</Pieces>
		<Pieces>Party3_HP_1B</Pieces>
		<Pieces>Party3_HP_2A_X</Pieces>
		<Pieces>Party3_HP_2B</Pieces>
		<Pieces>Party3_HP_3A_X</Pieces>
		<Pieces>Party3_HP_3B</Pieces>
		<Pieces>Party3_HP_4A_X</Pieces>
		<Pieces>Party3_HP_4B</Pieces>
		<Pieces>GW_PetGauge3</Pieces>
		<!-- Party 4 Gauge -->
		<Pieces>GW_LineDivider4</Pieces>
		<Pieces>Party4_HP_BG</Pieces>
		<Pieces>Party4_HP_0</Pieces>
		<Pieces>Party4_HP_1A_X</Pieces>
		<Pieces>Party4_HP_1B</Pieces>
		<Pieces>Party4_HP_2A_X</Pieces>
		<Pieces>Party4_HP_2B</Pieces>
		<Pieces>Party4_HP_3A_X</Pieces>
		<Pieces>Party4_HP_3B</Pieces>
		<Pieces>Party4_HP_4A_X</Pieces>
		<Pieces>Party4_HP_4B</Pieces>
		<Pieces>GW_PetGauge4</Pieces>
		<!-- Party 5 Gauge -->
		<Pieces>GW_LineDivider5</Pieces>
		<Pieces>Party5_HP_BG</Pieces>
		<Pieces>Party5_HP_0</Pieces>
		<Pieces>Party5_HP_1A_X</Pieces>
		<Pieces>Party5_HP_1B</Pieces>
		<Pieces>Party5_HP_2A_X</Pieces>
		<Pieces>Party5_HP_2B</Pieces>
		<Pieces>Party5_HP_3A_X</Pieces>
		<Pieces>Party5_HP_3B</Pieces>
		<Pieces>Party5_HP_4A_X</Pieces>
		<Pieces>Party5_HP_4B</Pieces>
		<Pieces>GW_PetGauge5</Pieces>
		<!-- Party Labels -->
		<Pieces>GW_F2BG</Pieces>
		<Pieces>GW_F3BG</Pieces>
		<Pieces>GW_F4BG</Pieces>
		<Pieces>GW_F5BG</Pieces>
		<Pieces>GW_F6BG</Pieces>
		<Pieces>GW_F2</Pieces>
		<Pieces>GW_F3</Pieces>
		<Pieces>GW_F4</Pieces>
		<Pieces>GW_F5</Pieces>
		<Pieces>GW_F6</Pieces>
		<Pieces>GW_HPLabel1BG</Pieces>
		<Pieces>GW_HPLabel2BG</Pieces>
		<Pieces>GW_HPLabel3BG</Pieces>
		<Pieces>GW_HPLabel4BG</Pieces>
		<Pieces>GW_HPLabel5BG</Pieces>
		<Pieces>GW_HPLabel1</Pieces>
		<Pieces>GW_HPLabel2</Pieces>
		<Pieces>GW_HPLabel3</Pieces>
		<Pieces>GW_HPLabel4</Pieces>
		<Pieces>GW_HPLabel5</Pieces>		
		<!-- Group Window Buttons -->	
		<Pieces>GW_InviteButton</Pieces>
		<Pieces>GW_DisbandButton</Pieces>
		<Pieces>GW_FollowButton</Pieces>
		<Pieces>GW_DeclineButton</Pieces>
		<!-- Optional Components -->
		<!-- <Pieces>GW_LFGButton</Pieces> -->
	</Screen>
</XML>